Mã,Môn / Khối,Khoảng (điểm nguyên),Số thí sinh,Khoảng điểm,Tỷ lệ (%)
A00,"A00 (Toán, Lý, Hóa)",0,0,"[0, 1)",0
A00,"A00 (Toán, Lý, Hóa)",1,1,"[1, 2)",0
A00,"A00 (Toán, Lý, Hóa)",2,0,"[2, 3)",0
A00,"A00 (Toán, Lý, Hóa)",3,0,"[3, 4)",0
A00,"A00 (Toán, Lý, Hóa)",4,0,"[4, 5)",0
A00,"A00 (Toán, Lý, Hóa)",5,1,"[5, 6)",0
A00,"A00 (Toán, Lý, Hóa)",6,18,"[6, 7)",0.01
A00,"A00 (Toán, Lý, Hóa)",7,96,"[7, 8)",0.06
A00,"A00 (Toán, Lý, Hóa)",8,282,"[8, 9)",0.17
A00,"A00 (Toán, Lý, Hóa)",9,806,"[9, 10)",0.5
A00,"A00 (Toán, Lý, Hóa)",10,1756,"[10, 11)",1.08
A00,"A00 (Toán, Lý, Hóa)",11,3199,"[11, 12)",1.97
A00,"A00 (Toán, Lý, Hóa)",12,5051,"[12, 13)",3.11
A00,"A00 (Toán, Lý, Hóa)",13,7261,"[13, 14)",4.48
A00,"A00 (Toán, Lý, Hóa)",14,9251,"[14, 15)",5.7
A00,"A00 (Toán, Lý, Hóa)",15,11000,"[15, 16)",6.78
A00,"A00 (Toán, Lý, Hóa)",16,12159,"[16, 17)",7.5
A00,"A00 (Toán, Lý, Hóa)",17,13073,"[17, 18)",8.06
A00,"A00 (Toán, Lý, Hóa)",18,12938,"[18, 19)",7.98
A00,"A00 (Toán, Lý, Hóa)",19,12991,"[19, 20)",8.01
A00,"A00 (Toán, Lý, Hóa)",20,12296,"[20, 21)",7.58
A00,"A00 (Toán, Lý, Hóa)",21,11482,"[21, 22)",7.08
A00,"A00 (Toán, Lý, Hóa)",22,10585,"[22, 23)",6.53
A00,"A00 (Toán, Lý, Hóa)",23,9456,"[23, 24)",5.83
A00,"A00 (Toán, Lý, Hóa)",24,8525,"[24, 25)",5.26
A00,"A00 (Toán, Lý, Hóa)",25,7402,"[25, 26)",4.56
A00,"A00 (Toán, Lý, Hóa)",26,6047,"[26, 27)",3.73
A00,"A00 (Toán, Lý, Hóa)",27,4216,"[27, 28)",2.6
A00,"A00 (Toán, Lý, Hóa)",28,1964,"[28, 29)",1.21
A00,"A00 (Toán, Lý, Hóa)",29,336,"[29, 30)",0.21
A00,"A00 (Toán, Lý, Hóa)",30,8,= 30,0
A01,"A01 (Toán, Lý, Anh)",0,0,"[0, 1)",0
A01,"A01 (Toán, Lý, Anh)",1,0,"[1, 2)",0
A01,"A01 (Toán, Lý, Anh)",2,0,"[2, 3)",0
A01,"A01 (Toán, Lý, Anh)",3,0,"[3, 4)",0
A01,"A01 (Toán, Lý, Anh)",4,0,"[4, 5)",0
A01,"A01 (Toán, Lý, Anh)",5,2,"[5, 6)",0
A01,"A01 (Toán, Lý, Anh)",6,6,"[6, 7)",0
A01,"A01 (Toán, Lý, Anh)",7,39,"[7, 8)",0.03
A01,"A01 (Toán, Lý, Anh)",8,145,"[8, 9)",0.1
A01,"A01 (Toán, Lý, Anh)",9,359,"[9, 10)",0.24
A01,"A01 (Toán, Lý, Anh)",10,995,"[10, 11)",0.68
A01,"A01 (Toán, Lý, Anh)",11,2042,"[11, 12)",1.39
A01,"A01 (Toán, Lý, Anh)",12,3723,"[12, 13)",2.53
A01,"A01 (Toán, Lý, Anh)",13,5935,"[13, 14)",4.04
A01,"A01 (Toán, Lý, Anh)",14,8409,"[14, 15)",5.72
A01,"A01 (Toán, Lý, Anh)",15,10945,"[15, 16)",7.45
A01,"A01 (Toán, Lý, Anh)",16,12635,"[16, 17)",8.6
A01,"A01 (Toán, Lý, Anh)",17,14463,"[17, 18)",9.84
A01,"A01 (Toán, Lý, Anh)",18,14956,"[18, 19)",10.18
A01,"A01 (Toán, Lý, Anh)",19,14682,"[19, 20)",9.99
A01,"A01 (Toán, Lý, Anh)",20,13619,"[20, 21)",9.27
A01,"A01 (Toán, Lý, Anh)",21,12016,"[21, 22)",8.18
A01,"A01 (Toán, Lý, Anh)",22,10317,"[22, 23)",7.02
A01,"A01 (Toán, Lý, Anh)",23,8176,"[23, 24)",5.56
A01,"A01 (Toán, Lý, Anh)",24,6263,"[24, 25)",4.26
A01,"A01 (Toán, Lý, Anh)",25,3895,"[25, 26)",2.65
A01,"A01 (Toán, Lý, Anh)",26,2181,"[26, 27)",1.48
A01,"A01 (Toán, Lý, Anh)",27,900,"[27, 28)",0.61
A01,"A01 (Toán, Lý, Anh)",28,227,"[28, 29)",0.15
A01,"A01 (Toán, Lý, Anh)",29,30,"[29, 30)",0.02
A01,"A01 (Toán, Lý, Anh)",30,0,= 30,0
B00,"B00 (Toán, Hóa, Sinh)",0,0,"[0, 1)",0
B00,"B00 (Toán, Hóa, Sinh)",1,0,"[1, 2)",0
B00,"B00 (Toán, Hóa, Sinh)",2,0,"[2, 3)",0
B00,"B00 (Toán, Hóa, Sinh)",3,0,"[3, 4)",0
B00,"B00 (Toán, Hóa, Sinh)",4,1,"[4, 5)",0
B00,"B00 (Toán, Hóa, Sinh)",5,2,"[5, 6)",0
B00,"B00 (Toán, Hóa, Sinh)",6,19,"[6, 7)",0.04
B00,"B00 (Toán, Hóa, Sinh)",7,76,"[7, 8)",0.17
B00,"B00 (Toán, Hóa, Sinh)",8,229,"[8, 9)",0.51
B00,"B00 (Toán, Hóa, Sinh)",9,526,"[9, 10)",1.17
B00,"B00 (Toán, Hóa, Sinh)",10,1000,"[10, 11)",2.22
B00,"B00 (Toán, Hóa, Sinh)",11,1576,"[11, 12)",3.51
B00,"B00 (Toán, Hóa, Sinh)",12,2293,"[12, 13)",5.1
B00,"B00 (Toán, Hóa, Sinh)",13,2752,"[13, 14)",6.12
B00,"B00 (Toán, Hóa, Sinh)",14,3165,"[14, 15)",7.04
B00,"B00 (Toán, Hóa, Sinh)",15,3465,"[15, 16)",7.71
B00,"B00 (Toán, Hóa, Sinh)",16,3676,"[16, 17)",8.18
B00,"B00 (Toán, Hóa, Sinh)",17,3449,"[17, 18)",7.67
B00,"B00 (Toán, Hóa, Sinh)",18,3339,"[18, 19)",7.43
B00,"B00 (Toán, Hóa, Sinh)",19,3181,"[19, 20)",7.07
B00,"B00 (Toán, Hóa, Sinh)",20,2947,"[20, 21)",6.55
B00,"B00 (Toán, Hóa, Sinh)",21,2583,"[21, 22)",5.74
B00,"B00 (Toán, Hóa, Sinh)",22,2467,"[22, 23)",5.49
B00,"B00 (Toán, Hóa, Sinh)",23,2272,"[23, 24)",5.05
B00,"B00 (Toán, Hóa, Sinh)",24,1894,"[24, 25)",4.21
B00,"B00 (Toán, Hóa, Sinh)",25,1671,"[25, 26)",3.72
B00,"B00 (Toán, Hóa, Sinh)",26,1326,"[26, 27)",2.95
B00,"B00 (Toán, Hóa, Sinh)",27,744,"[27, 28)",1.65
B00,"B00 (Toán, Hóa, Sinh)",28,278,"[28, 29)",0.62
B00,"B00 (Toán, Hóa, Sinh)",29,32,"[29, 30)",0.07
B00,"B00 (Toán, Hóa, Sinh)",30,1,= 30,0
C00,"C00 (Văn, Sử, Địa)",0,1,"[0, 1)",0
C00,"C00 (Văn, Sử, Địa)",1,0,"[1, 2)",0
C00,"C00 (Văn, Sử, Địa)",2,2,"[2, 3)",0
C00,"C00 (Văn, Sử, Địa)",3,2,"[3, 4)",0
C00,"C00 (Văn, Sử, Địa)",4,6,"[4, 5)",0
C00,"C00 (Văn, Sử, Địa)",5,28,"[5, 6)",0.01
C00,"C00 (Văn, Sử, Địa)",6,122,"[6, 7)",0.04
C00,"C00 (Văn, Sử, Địa)",7,346,"[7, 8)",0.12
C00,"C00 (Văn, Sử, Địa)",8,858,"[8, 9)",0.29
C00,"C00 (Văn, Sử, Địa)",9,1754,"[9, 10)",0.59
C00,"C00 (Văn, Sử, Địa)",10,3204,"[10, 11)",1.08
C00,"C00 (Văn, Sử, Địa)",11,5194,"[11, 12)",1.75
C00,"C00 (Văn, Sử, Địa)",12,7741,"[12, 13)",2.6
C00,"C00 (Văn, Sử, Địa)",13,10665,"[13, 14)",3.59
C00,"C00 (Văn, Sử, Địa)",14,14010,"[14, 15)",4.71
C00,"C00 (Văn, Sử, Địa)",15,17362,"[15, 16)",5.84
C00,"C00 (Văn, Sử, Địa)",16,19818,"[16, 17)",6.66
C00,"C00 (Văn, Sử, Địa)",17,21778,"[17, 18)",7.32
C00,"C00 (Văn, Sử, Địa)",18,23158,"[18, 19)",7.79
C00,"C00 (Văn, Sử, Địa)",19,23960,"[19, 20)",8.06
C00,"C00 (Văn, Sử, Địa)",20,23965,"[20, 21)",8.06
C00,"C00 (Văn, Sử, Địa)",21,23723,"[21, 22)",7.98
C00,"C00 (Văn, Sử, Địa)",22,22504,"[22, 23)",7.57
C00,"C00 (Văn, Sử, Địa)",23,21195,"[23, 24)",7.13
C00,"C00 (Văn, Sử, Địa)",24,18926,"[24, 25)",6.36
C00,"C00 (Văn, Sử, Địa)",25,16011,"[25, 26)",5.38
C00,"C00 (Văn, Sử, Địa)",26,11801,"[26, 27)",3.97
C00,"C00 (Văn, Sử, Địa)",27,6863,"[27, 28)",2.31
C00,"C00 (Văn, Sử, Địa)",28,2202,"[28, 29)",0.74
C00,"C00 (Văn, Sử, Địa)",29,178,"[29, 30)",0.06
C00,"C00 (Văn, Sử, Địa)",30,0,= 30,0
D01,"D01 (Toán, Văn, Anh)",0,0,"[0, 1)",0
D01,"D01 (Toán, Văn, Anh)",1,0,"[1, 2)",0
D01,"D01 (Toán, Văn, Anh)",2,0,"[2, 3)",0
D01,"D01 (Toán, Văn, Anh)",3,1,"[3, 4)",0
D01,"D01 (Toán, Văn, Anh)",4,2,"[4, 5)",0
D01,"D01 (Toán, Văn, Anh)",5,4,"[5, 6)",0
D01,"D01 (Toán, Văn, Anh)",6,15,"[6, 7)",0
D01,"D01 (Toán, Văn, Anh)",7,40,"[7, 8)",0.01
D01,"D01 (Toán, Văn, Anh)",8,100,"[8, 9)",0.03
D01,"D01 (Toán, Văn, Anh)",9,343,"[9, 10)",0.1
D01,"D01 (Toán, Văn, Anh)",10,912,"[10, 11)",0.26
D01,"D01 (Toán, Văn, Anh)",11,2276,"[11, 12)",0.65
D01,"D01 (Toán, Văn, Anh)",12,5013,"[12, 13)",1.43
D01,"D01 (Toán, Văn, Anh)",13,10039,"[13, 14)",2.86
D01,"D01 (Toán, Văn, Anh)",14,17662,"[14, 15)",5.04
D01,"D01 (Toán, Văn, Anh)",15,27525,"[15, 16)",7.85
D01,"D01 (Toán, Văn, Anh)",16,36744,"[16, 17)",10.48
D01,"D01 (Toán, Văn, Anh)",17,43931,"[17, 18)",12.53
D01,"D01 (Toán, Văn, Anh)",18,46883,"[18, 19)",13.37
D01,"D01 (Toán, Văn, Anh)",19,44381,"[19, 20)",12.66
D01,"D01 (Toán, Văn, Anh)",20,38170,"[20, 21)",10.89
D01,"D01 (Toán, Văn, Anh)",21,29545,"[21, 22)",8.43
D01,"D01 (Toán, Văn, Anh)",22,21080,"[22, 23)",6.01
D01,"D01 (Toán, Văn, Anh)",23,13489,"[23, 24)",3.85
D01,"D01 (Toán, Văn, Anh)",24,7510,"[24, 25)",2.14
D01,"D01 (Toán, Văn, Anh)",25,3568,"[25, 26)",1.02
D01,"D01 (Toán, Văn, Anh)",26,1182,"[26, 27)",0.34
D01,"D01 (Toán, Văn, Anh)",27,225,"[27, 28)",0.06
D01,"D01 (Toán, Văn, Anh)",28,13,"[28, 29)",0
D01,"D01 (Toán, Văn, Anh)",29,1,"[29, 30)",0
D01,"D01 (Toán, Văn, Anh)",30,0,= 30,0
