Mã,Môn / Khối,Ngưỡng (từ ... trở lên),Số thí sinh,Tỷ lệ (%)
A00,"A00 (Toán, Lý, Hóa)",15,134478,82.91
A00,"A00 (Toán, Lý, Hóa)",18,98246,60.57
A00,"A00 (Toán, Lý, Hóa)",20,72317,44.59
A00,"A00 (Toán, Lý, Hóa)",21,60021,37
A00,"A00 (Toán, Lý, Hóa)",22,48539,29.93
A00,"A00 (Toán, Lý, Hóa)",23,37954,23.4
A00,"A00 (Toán, Lý, Hóa)",24,28498,17.57
A00,"A00 (Toán, Lý, Hóa)",25,19973,12.31
A00,"A00 (Toán, Lý, Hóa)",26,12571,7.75
A00,"A00 (Toán, Lý, Hóa)",27,6524,4.02
A00,"A00 (Toán, Lý, Hóa)",28,2308,1.42
A00,"A00 (Toán, Lý, Hóa)",29,344,0.21
A00,"A00 (Toán, Lý, Hóa)",30,8,0
A01,"A01 (Toán, Lý, Anh)",15,125305,85.26
A01,"A01 (Toán, Lý, Anh)",18,87262,59.38
A01,"A01 (Toán, Lý, Anh)",20,57624,39.21
A01,"A01 (Toán, Lý, Anh)",21,44005,29.94
A01,"A01 (Toán, Lý, Anh)",22,31989,21.77
A01,"A01 (Toán, Lý, Anh)",23,21672,14.75
A01,"A01 (Toán, Lý, Anh)",24,13496,9.18
A01,"A01 (Toán, Lý, Anh)",25,7233,4.92
A01,"A01 (Toán, Lý, Anh)",26,3338,2.27
A01,"A01 (Toán, Lý, Anh)",27,1157,0.79
A01,"A01 (Toán, Lý, Anh)",28,257,0.17
A01,"A01 (Toán, Lý, Anh)",29,30,0.02
A01,"A01 (Toán, Lý, Anh)",30,0,0
B00,"B00 (Toán, Hóa, Sinh)",15,33325,74.11
B00,"B00 (Toán, Hóa, Sinh)",18,22735,50.56
B00,"B00 (Toán, Hóa, Sinh)",20,16215,36.06
B00,"B00 (Toán, Hóa, Sinh)",21,13268,29.51
B00,"B00 (Toán, Hóa, Sinh)",22,10685,23.76
B00,"B00 (Toán, Hóa, Sinh)",23,8218,18.28
B00,"B00 (Toán, Hóa, Sinh)",24,5946,13.22
B00,"B00 (Toán, Hóa, Sinh)",25,4052,9.01
B00,"B00 (Toán, Hóa, Sinh)",26,2381,5.3
B00,"B00 (Toán, Hóa, Sinh)",27,1055,2.35
B00,"B00 (Toán, Hóa, Sinh)",28,311,0.69
B00,"B00 (Toán, Hóa, Sinh)",29,33,0.07
B00,"B00 (Toán, Hóa, Sinh)",30,1,0
C00,"C00 (Văn, Sử, Địa)",15,253444,85.23
C00,"C00 (Văn, Sử, Địa)",18,194486,65.4
C00,"C00 (Văn, Sử, Địa)",20,147368,49.56
C00,"C00 (Văn, Sử, Địa)",21,123403,41.5
C00,"C00 (Văn, Sử, Địa)",22,99680,33.52
C00,"C00 (Văn, Sử, Địa)",23,77176,25.95
C00,"C00 (Văn, Sử, Địa)",24,55981,18.82
C00,"C00 (Văn, Sử, Địa)",25,37055,12.46
C00,"C00 (Văn, Sử, Địa)",26,21044,7.08
C00,"C00 (Văn, Sử, Địa)",27,9243,3.11
C00,"C00 (Văn, Sử, Địa)",28,2380,0.8
C00,"C00 (Văn, Sử, Địa)",29,178,0.06
C00,"C00 (Văn, Sử, Địa)",30,0,0
D01,"D01 (Toán, Văn, Anh)",15,314247,89.62
D01,"D01 (Toán, Văn, Anh)",18,206047,58.76
D01,"D01 (Toán, Văn, Anh)",20,114783,32.73
D01,"D01 (Toán, Văn, Anh)",21,76613,21.85
D01,"D01 (Toán, Văn, Anh)",22,47068,13.42
D01,"D01 (Toán, Văn, Anh)",23,25988,7.41
D01,"D01 (Toán, Văn, Anh)",24,12499,3.56
D01,"D01 (Toán, Văn, Anh)",25,4989,1.42
D01,"D01 (Toán, Văn, Anh)",26,1421,0.41
D01,"D01 (Toán, Văn, Anh)",27,239,0.07
D01,"D01 (Toán, Văn, Anh)",28,14,0
D01,"D01 (Toán, Văn, Anh)",29,1,0
D01,"D01 (Toán, Văn, Anh)",30,0,0
