Mã,Môn / Khối,Điểm,Số thí sinh,Tỷ lệ (%)
toan,Toán,0,6,0.001
toan,Toán,0.1,1,0
toan,Toán,0.35,2,0
toan,Toán,0.4,4,0
toan,Toán,0.45,10,0.001
toan,Toán,0.5,1,0
toan,Toán,0.55,18,0.002
toan,Toán,0.6,18,0.002
toan,Toán,0.65,6,0.001
toan,Toán,0.7,84,0.007
toan,Toán,0.75,13,0.001
toan,Toán,0.8,66,0.006
toan,Toán,0.85,115,0.01
toan,Toán,0.9,17,0.002
toan,Toán,0.95,326,0.029
toan,Toán,1,90,0.008
toan,Toán,1.05,203,0.018
toan,Toán,1.1,539,0.048
toan,Toán,1.15,28,0.002
toan,Toán,1.2,914,0.081
toan,Toán,1.25,287,0.025
toan,Toán,1.3,400,0.036
toan,Toán,1.35,1881,0.167
toan,Toán,1.4,53,0.005
toan,Toán,1.45,1966,0.175
toan,Toán,1.5,919,0.082
toan,Toán,1.55,629,0.056
toan,Toán,1.6,4246,0.377
toan,Toán,1.65,37,0.003
toan,Toán,1.7,2963,0.263
toan,Toán,1.75,2219,0.197
toan,Toán,1.8,795,0.071
toan,Toán,1.85,7352,0.653
toan,Toán,1.9,60,0.005
toan,Toán,1.95,4150,0.369
toan,Toán,2,4128,0.367
toan,Toán,2.05,849,0.075
toan,Toán,2.1,10834,0.962
toan,Toán,2.15,41,0.004
toan,Toán,2.2,5178,0.46
toan,Toán,2.25,6904,0.613
toan,Toán,2.3,781,0.069
toan,Toán,2.35,14492,1.287
toan,Toán,2.4,35,0.003
toan,Toán,2.45,5651,0.502
toan,Toán,2.5,9947,0.883
toan,Toán,2.55,754,0.067
toan,Toán,2.6,17208,1.528
toan,Toán,2.65,17,0.002
toan,Toán,2.7,5882,0.522
toan,Toán,2.75,13995,1.243
toan,Toán,2.8,644,0.057
toan,Toán,2.85,19804,1.759
toan,Toán,2.9,10,0.001
toan,Toán,2.95,5836,0.518
toan,Toán,3,19112,1.697
toan,Toán,3.05,477,0.042
toan,Toán,3.1,22040,1.957
toan,Toán,3.15,3,0
toan,Toán,3.2,5162,0.458
toan,Toán,3.25,24267,2.155
toan,Toán,3.3,287,0.025
toan,Toán,3.35,23017,2.044
toan,Toán,3.4,1,0
toan,Toán,3.45,4831,0.429
toan,Toán,3.5,30233,2.685
toan,Toán,3.55,199,0.018
toan,Toán,3.6,23573,2.093
toan,Toán,3.7,4025,0.357
toan,Toán,3.75,35226,3.128
toan,Toán,3.8,96,0.009
toan,Toán,3.85,23600,2.096
toan,Toán,3.95,3372,0.299
toan,Toán,4,39220,3.483
toan,Toán,4.05,45,0.004
toan,Toán,4.1,22902,2.034
toan,Toán,4.2,2573,0.228
toan,Toán,4.25,43326,3.847
toan,Toán,4.3,13,0.001
toan,Toán,4.35,21396,1.9
toan,Toán,4.45,1879,0.167
toan,Toán,4.5,45988,4.084
toan,Toán,4.55,9,0.001
toan,Toán,4.6,19253,1.71
toan,Toán,4.7,1315,0.117
toan,Toán,4.75,46380,4.118
toan,Toán,4.8,2,0
toan,Toán,4.85,16790,1.491
toan,Toán,4.95,1082,0.096
toan,Toán,5,45608,4.05
toan,Toán,5.1,14692,1.305
toan,Toán,5.2,753,0.067
toan,Toán,5.25,44053,3.912
toan,Toán,5.35,12629,1.121
toan,Toán,5.45,348,0.031
toan,Toán,5.5,41900,3.721
toan,Toán,5.6,9689,0.86
toan,Toán,5.7,350,0.031
toan,Toán,5.75,37803,3.357
toan,Toán,5.85,7948,0.706
toan,Toán,5.95,82,0.007
toan,Toán,6,35257,3.131
toan,Toán,6.1,6620,0.588
toan,Toán,6.2,98,0.009
toan,Toán,6.25,33041,2.934
toan,Toán,6.35,3778,0.335
toan,Toán,6.45,12,0.001
toan,Toán,6.5,27830,2.471
toan,Toán,6.6,4021,0.357
toan,Toán,6.7,22,0.002
toan,Toán,6.75,25579,2.271
toan,Toán,6.85,1216,0.108
toan,Toán,7,23830,2.116
toan,Toán,7.1,1868,0.166
toan,Toán,7.2,4,0
toan,Toán,7.25,17303,1.536
toan,Toán,7.35,248,0.022
toan,Toán,7.5,22726,2.018
toan,Toán,7.6,672,0.06
toan,Toán,7.75,9643,0.856
toan,Toán,7.85,36,0.003
toan,Toán,8,21053,1.869
toan,Toán,8.1,182,0.016
toan,Toán,8.25,4695,0.417
toan,Toán,8.35,3,0
toan,Toán,8.5,17448,1.549
toan,Toán,8.6,9,0.001
toan,Toán,8.75,1865,0.166
toan,Toán,9,12819,1.138
toan,Toán,9.1,3,0
toan,Toán,9.25,264,0.023
toan,Toán,9.5,2517,0.224
toan,Toán,9.75,40,0.004
toan,Toán,10,513,0.046
van,Ngữ văn,0,7,0.001
van,Ngữ văn,0.25,10,0.001
van,Ngữ văn,0.5,26,0.002
van,Ngữ văn,0.75,25,0.002
van,Ngữ văn,1,19,0.002
van,Ngữ văn,1.25,233,0.021
van,Ngữ văn,1.5,295,0.026
van,Ngữ văn,1.75,392,0.035
van,Ngữ văn,2,745,0.066
van,Ngữ văn,2.08,1,0
van,Ngữ văn,2.25,947,0.084
van,Ngữ văn,2.33,4,0
van,Ngữ văn,2.42,1,0
van,Ngữ văn,2.5,1499,0.133
van,Ngữ văn,2.58,2,0
van,Ngữ văn,2.66,1,0
van,Ngữ văn,2.67,2,0
van,Ngữ văn,2.75,1915,0.17
van,Ngữ văn,2.83,2,0
van,Ngữ văn,2.92,1,0
van,Ngữ văn,3,3099,0.275
van,Ngữ văn,3.08,4,0
van,Ngữ văn,3.17,6,0.001
van,Ngữ văn,3.25,3497,0.31
van,Ngữ văn,3.3,1,0
van,Ngữ văn,3.33,9,0.001
van,Ngữ văn,3.4,1,0
van,Ngữ văn,3.41,2,0
van,Ngữ văn,3.42,8,0.001
van,Ngữ văn,3.5,5149,0.457
van,Ngữ văn,3.58,9,0.001
van,Ngữ văn,3.6,1,0
van,Ngữ văn,3.66,1,0
van,Ngữ văn,3.67,4,0
van,Ngữ văn,3.75,6200,0.55
van,Ngữ văn,3.83,13,0.001
van,Ngữ văn,3.91,1,0
van,Ngữ văn,3.92,20,0.002
van,Ngữ văn,4,9246,0.821
van,Ngữ văn,4.08,25,0.002
van,Ngữ văn,4.09,1,0
van,Ngữ văn,4.16,3,0
van,Ngữ văn,4.17,27,0.002
van,Ngữ văn,4.2,1,0
van,Ngữ văn,4.23,1,0
van,Ngữ văn,4.25,9976,0.885
van,Ngữ văn,4.26,1,0
van,Ngữ văn,4.3,1,0
van,Ngữ văn,4.33,29,0.003
van,Ngữ văn,4.34,1,0
van,Ngữ văn,4.41,2,0
van,Ngữ văn,4.42,29,0.003
van,Ngữ văn,4.5,13612,1.208
van,Ngữ văn,4.55,1,0
van,Ngữ văn,4.58,48,0.004
van,Ngữ văn,4.6,2,0
van,Ngữ văn,4.65,1,0
van,Ngữ văn,4.66,5,0
van,Ngữ văn,4.67,33,0.003
van,Ngữ văn,4.7,1,0
van,Ngữ văn,4.73,1,0
van,Ngữ văn,4.75,12997,1.154
van,Ngữ văn,4.8,2,0
van,Ngữ văn,4.83,53,0.005
van,Ngữ văn,4.9,2,0
van,Ngữ văn,4.91,4,0
van,Ngữ văn,4.92,51,0.005
van,Ngữ văn,5,27458,2.437
van,Ngữ văn,5.08,61,0.005
van,Ngữ văn,5.1,1,0
van,Ngữ văn,5.16,10,0.001
van,Ngữ văn,5.17,58,0.005
van,Ngữ văn,5.18,1,0
van,Ngữ văn,5.2,3,0
van,Ngữ văn,5.24,1,0
van,Ngữ văn,5.25,25056,2.224
van,Ngữ văn,5.3,3,0
van,Ngữ văn,5.33,82,0.007
van,Ngữ văn,5.4,3,0
van,Ngữ văn,5.41,10,0.001
van,Ngữ văn,5.42,80,0.007
van,Ngữ văn,5.49,1,0
van,Ngữ văn,5.5,33999,3.018
van,Ngữ văn,5.56,1,0
van,Ngữ văn,5.57,2,0
van,Ngữ văn,5.58,106,0.009
van,Ngữ văn,5.59,1,0
van,Ngữ văn,5.6,2,0
van,Ngữ văn,5.66,11,0.001
van,Ngữ văn,5.67,117,0.01
van,Ngữ văn,5.75,38777,3.442
van,Ngữ văn,5.8,1,0
van,Ngữ văn,5.82,1,0
van,Ngữ văn,5.83,141,0.013
van,Ngữ văn,5.84,2,0
van,Ngữ văn,5.85,1,0
van,Ngữ văn,5.88,1,0
van,Ngữ văn,5.9,4,0
van,Ngữ văn,5.91,10,0.001
van,Ngữ văn,5.92,139,0.012
van,Ngữ văn,5.93,1,0
van,Ngữ văn,6,53411,4.74
van,Ngữ văn,6.08,155,0.014
van,Ngữ văn,6.09,1,0
van,Ngữ văn,6.1,2,0
van,Ngữ văn,6.16,15,0.001
van,Ngữ văn,6.17,162,0.014
van,Ngữ văn,6.2,3,0
van,Ngữ văn,6.25,55910,4.962
van,Ngữ văn,6.3,4,0
van,Ngữ văn,6.32,1,0
van,Ngữ văn,6.33,189,0.017
van,Ngữ văn,6.34,4,0
van,Ngữ văn,6.4,5,0
van,Ngữ văn,6.41,19,0.002
van,Ngữ văn,6.42,184,0.016
van,Ngữ văn,6.5,71722,6.366
van,Ngữ văn,6.55,2,0
van,Ngữ văn,6.58,207,0.018
van,Ngữ văn,6.59,2,0
van,Ngữ văn,6.6,2,0
van,Ngữ văn,6.65,1,0
van,Ngữ văn,6.66,22,0.002
van,Ngữ văn,6.67,179,0.016
van,Ngữ văn,6.7,4,0
van,Ngữ văn,6.73,1,0
van,Ngữ văn,6.74,1,0
van,Ngữ văn,6.75,76438,6.784
van,Ngữ văn,6.8,4,0
van,Ngữ văn,6.81,1,0
van,Ngữ văn,6.83,199,0.018
van,Ngữ văn,6.84,1,0
van,Ngữ văn,6.85,1,0
van,Ngữ văn,6.88,1,0
van,Ngữ văn,6.9,1,0
van,Ngữ văn,6.91,24,0.002
van,Ngữ văn,6.92,186,0.017
van,Ngữ văn,7,94762,8.41
van,Ngữ văn,7.08,196,0.017
van,Ngữ văn,7.09,3,0
van,Ngữ văn,7.1,2,0
van,Ngữ văn,7.15,1,0
van,Ngữ văn,7.16,25,0.002
van,Ngữ văn,7.17,172,0.015
van,Ngữ văn,7.2,3,0
van,Ngữ văn,7.23,1,0
van,Ngữ văn,7.25,88977,7.897
van,Ngữ văn,7.28,1,0
van,Ngữ văn,7.3,10,0.001
van,Ngữ văn,7.33,177,0.016
van,Ngữ văn,7.34,3,0
van,Ngữ văn,7.4,5,0
van,Ngữ văn,7.41,18,0.002
van,Ngữ văn,7.42,139,0.012
van,Ngữ văn,7.43,1,0
van,Ngữ văn,7.5,98814,8.77
van,Ngữ văn,7.55,1,0
van,Ngữ văn,7.58,141,0.013
van,Ngữ văn,7.59,3,0
van,Ngữ văn,7.6,5,0
van,Ngữ văn,7.65,1,0
van,Ngữ văn,7.66,24,0.002
van,Ngữ văn,7.67,109,0.01
van,Ngữ văn,7.7,1,0
van,Ngữ văn,7.75,86657,7.691
van,Ngữ văn,7.78,1,0
van,Ngữ văn,7.8,3,0
van,Ngữ văn,7.81,1,0
van,Ngữ văn,7.82,1,0
van,Ngữ văn,7.83,90,0.008
van,Ngữ văn,7.84,2,0
van,Ngữ văn,7.9,2,0
van,Ngữ văn,7.91,13,0.001
van,Ngữ văn,7.92,85,0.008
van,Ngữ văn,8,89064,7.905
van,Ngữ văn,8.08,51,0.005
van,Ngữ văn,8.1,4,0
van,Ngữ văn,8.15,1,0
van,Ngữ văn,8.16,9,0.001
van,Ngữ văn,8.17,40,0.004
van,Ngữ văn,8.23,1,0
van,Ngữ văn,8.25,66224,5.878
van,Ngữ văn,8.3,5,0
van,Ngữ văn,8.33,38,0.003
van,Ngữ văn,8.41,6,0.001
van,Ngữ văn,8.42,16,0.001
van,Ngữ văn,8.5,59333,5.266
van,Ngữ văn,8.53,1,0
van,Ngữ văn,8.58,12,0.001
van,Ngữ văn,8.59,1,0
van,Ngữ văn,8.66,1,0
van,Ngữ văn,8.67,4,0
van,Ngữ văn,8.75,41942,3.722
van,Ngữ văn,8.82,1,0
van,Ngữ văn,8.83,4,0
van,Ngữ văn,8.91,1,0
van,Ngữ văn,9,27949,2.481
van,Ngữ văn,9.25,11776,1.045
van,Ngữ văn,9.5,3974,0.353
van,Ngữ văn,9.75,301,0.027
anh,Tiếng Anh,0,2,0.001
anh,Tiếng Anh,0.5,3,0.001
anh,Tiếng Anh,0.75,7,0.002
anh,Tiếng Anh,1,16,0.005
anh,Tiếng Anh,1.25,52,0.015
anh,Tiếng Anh,1.5,209,0.059
anh,Tiếng Anh,1.75,455,0.129
anh,Tiếng Anh,2,899,0.256
anh,Tiếng Anh,2.25,1783,0.507
anh,Tiếng Anh,2.5,2955,0.84
anh,Tiếng Anh,2.75,4656,1.323
anh,Tiếng Anh,3,6752,1.919
anh,Tiếng Anh,3.25,9131,2.595
anh,Tiếng Anh,3.5,11708,3.328
anh,Tiếng Anh,3.75,14608,4.152
anh,Tiếng Anh,4,17146,4.873
anh,Tiếng Anh,4.25,19576,5.564
anh,Tiếng Anh,4.5,21462,6.1
anh,Tiếng Anh,4.75,23058,6.553
anh,Tiếng Anh,5,24071,6.841
anh,Tiếng Anh,5.25,24463,6.953
anh,Tiếng Anh,5.5,23842,6.776
anh,Tiếng Anh,5.75,22577,6.417
anh,Tiếng Anh,6,20796,5.911
anh,Tiếng Anh,6.25,18615,5.291
anh,Tiếng Anh,6.5,16067,4.566
anh,Tiếng Anh,6.75,13688,3.89
anh,Tiếng Anh,7,11358,3.228
anh,Tiếng Anh,7.25,9406,2.673
anh,Tiếng Anh,7.5,7527,2.139
anh,Tiếng Anh,7.75,6010,1.708
anh,Tiếng Anh,8,4741,1.347
anh,Tiếng Anh,8.25,3842,1.092
anh,Tiếng Anh,8.5,3092,0.879
anh,Tiếng Anh,8.75,2520,0.716
anh,Tiếng Anh,9,1935,0.55
anh,Tiếng Anh,9.25,1384,0.393
anh,Tiếng Anh,9.5,833,0.237
anh,Tiếng Anh,9.75,462,0.131
anh,Tiếng Anh,10,141,0.04
ly,Vật lí,0,1,0
ly,Vật lí,0.55,1,0
ly,Vật lí,1,1,0
ly,Vật lí,1.2,2,0.001
ly,Vật lí,1.35,1,0
ly,Vật lí,1.45,2,0.001
ly,Vật lí,1.5,1,0
ly,Vật lí,1.6,1,0
ly,Vật lí,1.7,9,0.003
ly,Vật lí,1.75,5,0.001
ly,Vật lí,1.8,1,0
ly,Vật lí,1.85,14,0.004
ly,Vật lí,1.95,11,0.003
ly,Vật lí,2,16,0.005
ly,Vật lí,2.1,29,0.008
ly,Vật lí,2.2,21,0.006
ly,Vật lí,2.25,28,0.008
ly,Vật lí,2.3,4,0.001
ly,Vật lí,2.35,56,0.016
ly,Vật lí,2.45,45,0.013
ly,Vật lí,2.5,51,0.015
ly,Vật lí,2.55,8,0.002
ly,Vật lí,2.6,117,0.034
ly,Vật lí,2.65,1,0
ly,Vật lí,2.7,69,0.02
ly,Vật lí,2.75,119,0.034
ly,Vật lí,2.8,16,0.005
ly,Vật lí,2.85,237,0.068
ly,Vật lí,2.95,120,0.035
ly,Vật lí,3,207,0.06
ly,Vật lí,3.05,19,0.005
ly,Vật lí,3.1,370,0.106
ly,Vật lí,3.2,182,0.052
ly,Vật lí,3.25,434,0.125
ly,Vật lí,3.3,22,0.006
ly,Vật lí,3.35,629,0.181
ly,Vật lí,3.4,1,0
ly,Vật lí,3.45,217,0.062
ly,Vật lí,3.5,706,0.203
ly,Vật lí,3.55,25,0.007
ly,Vật lí,3.6,925,0.266
ly,Vật lí,3.7,318,0.091
ly,Vật lí,3.75,1115,0.321
ly,Vật lí,3.8,24,0.007
ly,Vật lí,3.85,1366,0.393
ly,Vật lí,3.95,407,0.117
ly,Vật lí,4,1845,0.531
ly,Vật lí,4.05,40,0.012
ly,Vật lí,4.1,1969,0.566
ly,Vật lí,4.2,439,0.126
ly,Vật lí,4.25,2604,0.749
ly,Vật lí,4.3,28,0.008
ly,Vật lí,4.35,2347,0.675
ly,Vật lí,4.45,486,0.14
ly,Vật lí,4.5,3828,1.101
ly,Vật lí,4.55,17,0.005
ly,Vật lí,4.6,2994,0.861
ly,Vật lí,4.7,543,0.156
ly,Vật lí,4.75,4976,1.432
ly,Vật lí,4.8,27,0.008
ly,Vật lí,4.85,3430,0.987
ly,Vật lí,4.95,502,0.144
ly,Vật lí,5,6544,1.883
ly,Vật lí,5.05,11,0.003
ly,Vật lí,5.1,3801,1.094
ly,Vật lí,5.2,446,0.128
ly,Vật lí,5.25,8355,2.404
ly,Vật lí,5.3,10,0.003
ly,Vật lí,5.35,4174,1.201
ly,Vật lí,5.45,352,0.101
ly,Vật lí,5.5,10024,2.884
ly,Vật lí,5.55,4,0.001
ly,Vật lí,5.6,4180,1.203
ly,Vật lí,5.7,310,0.089
ly,Vật lí,5.75,11504,3.31
ly,Vật lí,5.85,4145,1.192
ly,Vật lí,5.95,227,0.065
ly,Vật lí,6,12983,3.735
ly,Vật lí,6.05,1,0
ly,Vật lí,6.1,4062,1.169
ly,Vật lí,6.2,184,0.053
ly,Vật lí,6.25,13953,4.014
ly,Vật lí,6.3,1,0
ly,Vật lí,6.35,3762,1.082
ly,Vật lí,6.45,145,0.042
ly,Vật lí,6.5,15143,4.356
ly,Vật lí,6.6,3408,0.98
ly,Vật lí,6.7,74,0.021
ly,Vật lí,6.75,16177,4.654
ly,Vật lí,6.85,3022,0.869
ly,Vật lí,6.95,37,0.011
ly,Vật lí,7,17134,4.929
ly,Vật lí,7.1,2564,0.738
ly,Vật lí,7.2,33,0.009
ly,Vật lí,7.25,17692,5.09
ly,Vật lí,7.35,2219,0.638
ly,Vật lí,7.45,18,0.005
ly,Vật lí,7.5,18593,5.349
ly,Vật lí,7.6,1724,0.496
ly,Vật lí,7.7,15,0.004
ly,Vật lí,7.75,18221,5.242
ly,Vật lí,7.85,1292,0.372
ly,Vật lí,7.95,3,0.001
ly,Vật lí,8,17883,5.145
ly,Vật lí,8.1,895,0.257
ly,Vật lí,8.25,16979,4.885
ly,Vật lí,8.35,523,0.15
ly,Vật lí,8.5,15952,4.589
ly,Vật lí,8.6,314,0.09
ly,Vật lí,8.75,14289,4.111
ly,Vật lí,8.85,99,0.028
ly,Vật lí,9,12734,3.663
ly,Vật lí,9.1,68,0.02
ly,Vật lí,9.25,10613,3.053
ly,Vật lí,9.5,9037,2.6
ly,Vật lí,9.75,3708,1.067
ly,Vật lí,10,3929,1.13
hoa,Hóa học,0.75,1,0
hoa,Hóa học,0.85,2,0.001
hoa,Hóa học,0.95,3,0.001
hoa,Hóa học,1,2,0.001
hoa,Hóa học,1.05,5,0.002
hoa,Hóa học,1.1,2,0.001
hoa,Hóa học,1.15,1,0
hoa,Hóa học,1.2,10,0.004
hoa,Hóa học,1.25,6,0.002
hoa,Hóa học,1.3,9,0.004
hoa,Hóa học,1.35,27,0.011
hoa,Hóa học,1.4,3,0.001
hoa,Hóa học,1.45,26,0.011
hoa,Hóa học,1.5,9,0.004
hoa,Hóa học,1.55,22,0.009
hoa,Hóa học,1.6,63,0.026
hoa,Hóa học,1.65,4,0.002
hoa,Hóa học,1.7,64,0.027
hoa,Hóa học,1.75,37,0.015
hoa,Hóa học,1.8,38,0.016
hoa,Hóa học,1.85,122,0.051
hoa,Hóa học,1.9,4,0.002
hoa,Hóa học,1.95,125,0.052
hoa,Hóa học,2,102,0.042
hoa,Hóa học,2.05,51,0.021
hoa,Hóa học,2.1,303,0.126
hoa,Hóa học,2.15,3,0.001
hoa,Hóa học,2.2,249,0.104
hoa,Hóa học,2.25,232,0.097
hoa,Hóa học,2.3,62,0.026
hoa,Hóa học,2.35,556,0.232
hoa,Hóa học,2.4,4,0.002
hoa,Hóa học,2.45,359,0.149
hoa,Hóa học,2.5,454,0.189
hoa,Hóa học,2.55,87,0.036
hoa,Hóa học,2.6,938,0.391
hoa,Hóa học,2.65,3,0.001
hoa,Hóa học,2.7,524,0.218
hoa,Hóa học,2.75,769,0.32
hoa,Hóa học,2.8,119,0.05
hoa,Hóa học,2.85,1237,0.515
hoa,Hóa học,2.9,6,0.002
hoa,Hóa học,2.95,693,0.289
hoa,Hóa học,3,1177,0.49
hoa,Hóa học,3.05,119,0.05
hoa,Hóa học,3.1,1863,0.776
hoa,Hóa học,3.15,3,0.001
hoa,Hóa học,3.2,782,0.326
hoa,Hóa học,3.25,1901,0.792
hoa,Hóa học,3.3,101,0.042
hoa,Hóa học,3.35,2356,0.981
hoa,Hóa học,3.4,3,0.001
hoa,Hóa học,3.45,875,0.364
hoa,Hóa học,3.5,2455,1.022
hoa,Hóa học,3.55,108,0.045
hoa,Hóa học,3.6,2861,1.191
hoa,Hóa học,3.65,5,0.002
hoa,Hóa học,3.7,925,0.385
hoa,Hóa học,3.75,3312,1.379
hoa,Hóa học,3.8,98,0.041
hoa,Hóa học,3.85,3251,1.354
hoa,Hóa học,3.9,3,0.001
hoa,Hóa học,3.95,975,0.406
hoa,Hóa học,4,4177,1.739
hoa,Hóa học,4.05,63,0.026
hoa,Hóa học,4.1,3667,1.527
hoa,Hóa học,4.15,1,0
hoa,Hóa học,4.2,891,0.371
hoa,Hóa học,4.25,5157,2.148
hoa,Hóa học,4.3,50,0.021
hoa,Hóa học,4.35,4000,1.666
hoa,Hóa học,4.4,1,0
hoa,Hóa học,4.45,743,0.309
hoa,Hóa học,4.5,5950,2.478
hoa,Hóa học,4.55,41,0.017
hoa,Hóa học,4.6,3905,1.626
hoa,Hóa học,4.65,2,0.001
hoa,Hóa học,4.7,628,0.262
hoa,Hóa học,4.75,6726,2.801
hoa,Hóa học,4.8,18,0.007
hoa,Hóa học,4.85,3857,1.606
hoa,Hóa học,4.95,524,0.218
hoa,Hóa học,5,7703,3.208
hoa,Hóa học,5.05,7,0.003
hoa,Hóa học,5.1,3720,1.549
hoa,Hóa học,5.2,341,0.142
hoa,Hóa học,5.25,8199,3.414
hoa,Hóa học,5.3,6,0.002
hoa,Hóa học,5.35,3137,1.306
hoa,Hóa học,5.45,231,0.096
hoa,Hóa học,5.5,8756,3.646
hoa,Hóa học,5.55,5,0.002
hoa,Hóa học,5.6,2846,1.185
hoa,Hóa học,5.7,127,0.053
hoa,Hóa học,5.75,9228,3.843
hoa,Hóa học,5.8,1,0
hoa,Hóa học,5.85,2265,0.943
hoa,Hóa học,5.95,75,0.031
hoa,Hóa học,6,9280,3.864
hoa,Hóa học,6.1,1892,0.788
hoa,Hóa học,6.2,56,0.023
hoa,Hóa học,6.25,9300,3.873
hoa,Hóa học,6.35,1415,0.589
hoa,Hóa học,6.45,30,0.012
hoa,Hóa học,6.5,8948,3.726
hoa,Hóa học,6.6,1085,0.452
hoa,Hóa học,6.7,10,0.004
hoa,Hóa học,6.75,8970,3.735
hoa,Hóa học,6.85,738,0.307
hoa,Hóa học,6.95,7,0.003
hoa,Hóa học,7,8795,3.663
hoa,Hóa học,7.1,499,0.208
hoa,Hóa học,7.2,1,0
hoa,Hóa học,7.25,8340,3.473
hoa,Hóa học,7.35,385,0.16
hoa,Hóa học,7.5,8293,3.453
hoa,Hóa học,7.6,205,0.085
hoa,Hóa học,7.75,7909,3.294
hoa,Hóa học,7.85,94,0.039
hoa,Hóa học,8,7768,3.235
hoa,Hóa học,8.1,57,0.024
hoa,Hóa học,8.25,7269,3.027
hoa,Hóa học,8.35,20,0.008
hoa,Hóa học,8.5,7079,2.948
hoa,Hóa học,8.6,1,0
hoa,Hóa học,8.75,6292,2.62
hoa,Hóa học,8.85,1,0
hoa,Hóa học,9,5693,2.371
hoa,Hóa học,9.25,5058,2.106
hoa,Hóa học,9.5,3769,1.57
hoa,Hóa học,9.75,2694,1.122
hoa,Hóa học,10,625,0.26
sinh,Sinh học,0.85,1,0.001
sinh,Sinh học,1.1,3,0.004
sinh,Sinh học,1.2,3,0.004
sinh,Sinh học,1.25,1,0.001
sinh,Sinh học,1.3,2,0.003
sinh,Sinh học,1.35,4,0.006
sinh,Sinh học,1.4,1,0.001
sinh,Sinh học,1.45,6,0.009
sinh,Sinh học,1.5,3,0.004
sinh,Sinh học,1.55,4,0.006
sinh,Sinh học,1.6,9,0.013
sinh,Sinh học,1.7,18,0.026
sinh,Sinh học,1.75,7,0.01
sinh,Sinh học,1.8,6,0.009
sinh,Sinh học,1.85,30,0.043
sinh,Sinh học,1.9,1,0.001
sinh,Sinh học,1.95,24,0.034
sinh,Sinh học,2,24,0.034
sinh,Sinh học,2.05,12,0.017
sinh,Sinh học,2.1,80,0.114
sinh,Sinh học,2.15,1,0.001
sinh,Sinh học,2.2,64,0.092
sinh,Sinh học,2.25,44,0.063
sinh,Sinh học,2.3,23,0.033
sinh,Sinh học,2.35,137,0.196
sinh,Sinh học,2.4,1,0.001
sinh,Sinh học,2.45,99,0.142
sinh,Sinh học,2.5,91,0.13
sinh,Sinh học,2.55,36,0.052
sinh,Sinh học,2.6,213,0.305
sinh,Sinh học,2.65,5,0.007
sinh,Sinh học,2.7,164,0.235
sinh,Sinh học,2.75,166,0.237
sinh,Sinh học,2.8,38,0.054
sinh,Sinh học,2.85,327,0.468
sinh,Sinh học,2.9,1,0.001
sinh,Sinh học,2.95,222,0.318
sinh,Sinh học,3,250,0.358
sinh,Sinh học,3.05,51,0.073
sinh,Sinh học,3.1,494,0.707
sinh,Sinh học,3.15,3,0.004
sinh,Sinh học,3.2,321,0.459
sinh,Sinh học,3.25,398,0.569
sinh,Sinh học,3.3,46,0.066
sinh,Sinh học,3.35,683,0.977
sinh,Sinh học,3.4,3,0.004
sinh,Sinh học,3.45,349,0.499
sinh,Sinh học,3.5,587,0.84
sinh,Sinh học,3.55,54,0.077
sinh,Sinh học,3.6,936,1.339
sinh,Sinh học,3.65,3,0.004
sinh,Sinh học,3.7,411,0.588
sinh,Sinh học,3.75,843,1.206
sinh,Sinh học,3.8,56,0.08
sinh,Sinh học,3.85,1144,1.637
sinh,Sinh học,3.9,1,0.001
sinh,Sinh học,3.95,405,0.579
sinh,Sinh học,4,1063,1.521
sinh,Sinh học,4.05,55,0.079
sinh,Sinh học,4.1,1357,1.941
sinh,Sinh học,4.15,2,0.003
sinh,Sinh học,4.2,440,0.63
sinh,Sinh học,4.25,1362,1.949
sinh,Sinh học,4.3,49,0.07
sinh,Sinh học,4.35,1537,2.199
sinh,Sinh học,4.4,1,0.001
sinh,Sinh học,4.45,425,0.608
sinh,Sinh học,4.5,1497,2.142
sinh,Sinh học,4.55,36,0.052
sinh,Sinh học,4.6,1671,2.391
sinh,Sinh học,4.65,1,0.001
sinh,Sinh học,4.7,381,0.545
sinh,Sinh học,4.75,1810,2.59
sinh,Sinh học,4.8,24,0.034
sinh,Sinh học,4.85,1722,2.464
sinh,Sinh học,4.9,1,0.001
sinh,Sinh học,4.95,331,0.474
sinh,Sinh học,5,1906,2.727
sinh,Sinh học,5.05,15,0.021
sinh,Sinh học,5.1,1731,2.477
sinh,Sinh học,5.2,319,0.456
sinh,Sinh học,5.25,2099,3.003
sinh,Sinh học,5.3,12,0.017
sinh,Sinh học,5.35,1585,2.268
sinh,Sinh học,5.45,227,0.325
sinh,Sinh học,5.5,2232,3.193
sinh,Sinh học,5.55,7,0.01
sinh,Sinh học,5.6,1561,2.233
sinh,Sinh học,5.7,193,0.276
sinh,Sinh học,5.75,2299,3.289
sinh,Sinh học,5.85,1407,2.013
sinh,Sinh học,5.95,132,0.189
sinh,Sinh học,6,2372,3.394
sinh,Sinh học,6.05,2,0.003
sinh,Sinh học,6.1,1277,1.827
sinh,Sinh học,6.2,107,0.153
sinh,Sinh học,6.25,2369,3.389
sinh,Sinh học,6.3,1,0.001
sinh,Sinh học,6.35,1126,1.611
sinh,Sinh học,6.45,75,0.107
sinh,Sinh học,6.5,2453,3.51
sinh,Sinh học,6.6,978,1.399
sinh,Sinh học,6.7,34,0.049
sinh,Sinh học,6.75,2304,3.296
sinh,Sinh học,6.8,1,0.001
sinh,Sinh học,6.85,794,1.136
sinh,Sinh học,6.95,24,0.034
sinh,Sinh học,7,2215,3.169
sinh,Sinh học,7.1,617,0.883
sinh,Sinh học,7.2,20,0.029
sinh,Sinh học,7.25,2204,3.153
sinh,Sinh học,7.35,504,0.721
sinh,Sinh học,7.45,4,0.006
sinh,Sinh học,7.5,1989,2.846
sinh,Sinh học,7.6,361,0.516
sinh,Sinh học,7.7,4,0.006
sinh,Sinh học,7.75,1840,2.633
sinh,Sinh học,7.85,253,0.362
sinh,Sinh học,7.95,1,0.001
sinh,Sinh học,8,1660,2.375
sinh,Sinh học,8.1,177,0.253
sinh,Sinh học,8.25,1431,2.047
sinh,Sinh học,8.35,106,0.152
sinh,Sinh học,8.5,1319,1.887
sinh,Sinh học,8.6,59,0.084
sinh,Sinh học,8.75,1024,1.465
sinh,Sinh học,8.85,16,0.023
sinh,Sinh học,9,766,1.096
sinh,Sinh học,9.1,6,0.009
sinh,Sinh học,9.25,475,0.68
sinh,Sinh học,9.5,327,0.468
sinh,Sinh học,9.75,119,0.17
sinh,Sinh học,10,82,0.117
su,Lịch sử,0,2,0
su,Lịch sử,0.25,2,0
su,Lịch sử,0.5,1,0
su,Lịch sử,0.6,1,0
su,Lịch sử,0.75,2,0
su,Lịch sử,0.85,1,0
su,Lịch sử,1,4,0.001
su,Lịch sử,1.05,1,0
su,Lịch sử,1.1,2,0
su,Lịch sử,1.2,2,0
su,Lịch sử,1.25,4,0.001
su,Lịch sử,1.3,4,0.001
su,Lịch sử,1.35,11,0.002
su,Lịch sử,1.4,2,0
su,Lịch sử,1.45,12,0.002
su,Lịch sử,1.5,12,0.002
su,Lịch sử,1.55,7,0.001
su,Lịch sử,1.6,39,0.008
su,Lịch sử,1.65,3,0.001
su,Lịch sử,1.7,47,0.01
su,Lịch sử,1.75,25,0.005
su,Lịch sử,1.8,19,0.004
su,Lịch sử,1.85,73,0.015
su,Lịch sử,1.9,2,0
su,Lịch sử,1.95,96,0.02
su,Lịch sử,2,55,0.011
su,Lịch sử,2.05,42,0.009
su,Lịch sử,2.1,192,0.04
su,Lịch sử,2.15,1,0
su,Lịch sử,2.2,177,0.037
su,Lịch sử,2.25,120,0.025
su,Lịch sử,2.3,58,0.012
su,Lịch sử,2.35,405,0.084
su,Lịch sử,2.4,5,0.001
su,Lịch sử,2.45,322,0.067
su,Lịch sử,2.5,287,0.06
su,Lịch sử,2.55,93,0.019
su,Lịch sử,2.6,704,0.146
su,Lịch sử,2.65,10,0.002
su,Lịch sử,2.7,474,0.098
su,Lịch sử,2.75,490,0.102
su,Lịch sử,2.8,133,0.028
su,Lịch sử,2.85,1200,0.249
su,Lịch sử,2.9,6,0.001
su,Lịch sử,2.95,685,0.142
su,Lịch sử,3,911,0.189
su,Lịch sử,3.05,147,0.031
su,Lịch sử,3.1,1787,0.371
su,Lịch sử,3.15,11,0.002
su,Lịch sử,3.2,956,0.199
su,Lịch sử,3.25,1520,0.316
su,Lịch sử,3.3,172,0.036
su,Lịch sử,3.35,2615,0.543
su,Lịch sử,3.4,11,0.002
su,Lịch sử,3.45,1067,0.222
su,Lịch sử,3.5,2298,0.477
su,Lịch sử,3.55,171,0.036
su,Lịch sử,3.6,3403,0.707
su,Lịch sử,3.65,6,0.001
su,Lịch sử,3.7,1370,0.285
su,Lịch sử,3.75,3463,0.72
su,Lịch sử,3.8,177,0.037
su,Lịch sử,3.85,4399,0.914
su,Lịch sử,3.9,8,0.002
su,Lịch sử,3.95,1426,0.296
su,Lịch sử,4,4531,0.941
su,Lịch sử,4.05,143,0.03
su,Lịch sử,4.1,5205,1.081
su,Lịch sử,4.15,6,0.001
su,Lịch sử,4.2,1519,0.316
su,Lịch sử,4.25,5969,1.24
su,Lịch sử,4.3,136,0.028
su,Lịch sử,4.35,5887,1.223
su,Lịch sử,4.4,3,0.001
su,Lịch sử,4.45,1534,0.319
su,Lịch sử,4.5,7649,1.589
su,Lịch sử,4.55,108,0.022
su,Lịch sử,4.6,6558,1.363
su,Lịch sử,4.65,4,0.001
su,Lịch sử,4.7,1309,0.272
su,Lịch sử,4.75,9260,1.924
su,Lịch sử,4.8,80,0.017
su,Lịch sử,4.85,6837,1.421
su,Lịch sử,4.9,2,0
su,Lịch sử,4.95,1174,0.244
su,Lịch sử,5,10885,2.262
su,Lịch sử,5.05,55,0.011
su,Lịch sử,5.1,7031,1.461
su,Lịch sử,5.2,1101,0.229
su,Lịch sử,5.25,12320,2.56
su,Lịch sử,5.3,46,0.01
su,Lịch sử,5.35,6928,1.439
su,Lịch sử,5.45,882,0.183
su,Lịch sử,5.5,13992,2.907
su,Lịch sử,5.55,25,0.005
su,Lịch sử,5.6,6655,1.383
su,Lịch sử,5.7,684,0.142
su,Lịch sử,5.75,15254,3.169
su,Lịch sử,5.8,23,0.005
su,Lịch sử,5.85,6534,1.358
su,Lịch sử,5.95,551,0.114
su,Lịch sử,6,17360,3.607
su,Lịch sử,6.05,11,0.002
su,Lịch sử,6.1,5936,1.233
su,Lịch sử,6.2,414,0.086
su,Lịch sử,6.25,18335,3.81
su,Lịch sử,6.3,4,0.001
su,Lịch sử,6.35,5621,1.168
su,Lịch sử,6.45,338,0.07
su,Lịch sử,6.5,19535,4.059
su,Lịch sử,6.55,3,0.001
su,Lịch sử,6.6,5025,1.044
su,Lịch sử,6.7,227,0.047
su,Lịch sử,6.75,20696,4.3
su,Lịch sử,6.8,1,0
su,Lịch sử,6.85,4294,0.892
su,Lịch sử,6.95,160,0.033
su,Lịch sử,7,21561,4.48
su,Lịch sử,7.1,3739,0.777
su,Lịch sử,7.2,85,0.018
su,Lịch sử,7.25,22503,4.676
su,Lịch sử,7.35,3094,0.643
su,Lịch sử,7.45,35,0.007
su,Lịch sử,7.5,22421,4.658
su,Lịch sử,7.6,2382,0.495
su,Lịch sử,7.7,20,0.004
su,Lịch sử,7.75,22339,4.641
su,Lịch sử,7.85,1682,0.349
su,Lịch sử,7.95,7,0.001
su,Lịch sử,8,21634,4.495
su,Lịch sử,8.1,1187,0.247
su,Lịch sử,8.2,2,0
su,Lịch sử,8.25,20152,4.187
su,Lịch sử,8.35,730,0.152
su,Lịch sử,8.5,18013,3.743
su,Lịch sử,8.6,369,0.077
su,Lịch sử,8.75,15465,3.213
su,Lịch sử,8.85,170,0.035
su,Lịch sử,9,12346,2.565
su,Lịch sử,9.1,45,0.009
su,Lịch sử,9.25,9072,1.885
su,Lịch sử,9.5,6306,1.31
su,Lịch sử,9.75,3825,0.795
su,Lịch sử,10,1518,0.315
dia,Địa lí,0,3,0.001
dia,Địa lí,0.25,2,0
dia,Địa lí,0.5,1,0
dia,Địa lí,0.6,1,0
dia,Địa lí,0.75,3,0.001
dia,Địa lí,0.85,2,0
dia,Địa lí,0.95,3,0.001
dia,Địa lí,1,4,0.001
dia,Địa lí,1.05,2,0
dia,Địa lí,1.1,4,0.001
dia,Địa lí,1.2,8,0.002
dia,Địa lí,1.25,9,0.002
dia,Địa lí,1.3,2,0
dia,Địa lí,1.35,16,0.003
dia,Địa lí,1.4,1,0
dia,Địa lí,1.45,18,0.004
dia,Địa lí,1.5,32,0.007
dia,Địa lí,1.55,11,0.002
dia,Địa lí,1.6,59,0.012
dia,Địa lí,1.65,2,0
dia,Địa lí,1.7,58,0.012
dia,Địa lí,1.75,46,0.01
dia,Địa lí,1.8,23,0.005
dia,Địa lí,1.85,122,0.026
dia,Địa lí,1.9,1,0
dia,Địa lí,1.95,118,0.025
dia,Địa lí,2,115,0.024
dia,Địa lí,2.05,36,0.008
dia,Địa lí,2.1,271,0.057
dia,Địa lí,2.15,4,0.001
dia,Địa lí,2.2,200,0.042
dia,Địa lí,2.25,216,0.045
dia,Địa lí,2.3,51,0.011
dia,Địa lí,2.35,514,0.108
dia,Địa lí,2.4,3,0.001
dia,Địa lí,2.45,331,0.069
dia,Địa lí,2.5,412,0.086
dia,Địa lí,2.55,67,0.014
dia,Địa lí,2.6,838,0.176
dia,Địa lí,2.65,7,0.001
dia,Địa lí,2.7,491,0.103
dia,Địa lí,2.75,757,0.159
dia,Địa lí,2.8,72,0.015
dia,Địa lí,2.85,1330,0.279
dia,Địa lí,2.9,5,0.001
dia,Địa lí,2.95,677,0.142
dia,Địa lí,3,1237,0.26
dia,Địa lí,3.05,94,0.02
dia,Địa lí,3.1,1949,0.409
dia,Địa lí,3.15,4,0.001
dia,Địa lí,3.2,843,0.177
dia,Địa lí,3.25,1816,0.381
dia,Địa lí,3.3,95,0.02
dia,Địa lí,3.35,2606,0.547
dia,Địa lí,3.4,5,0.001
dia,Địa lí,3.45,1107,0.232
dia,Địa lí,3.5,2571,0.54
dia,Địa lí,3.55,95,0.02
dia,Địa lí,3.6,3506,0.736
dia,Địa lí,3.65,2,0
dia,Địa lí,3.7,1233,0.259
dia,Địa lí,3.75,3294,0.691
dia,Địa lí,3.8,103,0.022
dia,Địa lí,3.85,4206,0.883
dia,Địa lí,3.9,1,0
dia,Địa lí,3.95,1507,0.316
dia,Địa lí,4,4496,0.944
dia,Địa lí,4.05,107,0.022
dia,Địa lí,4.1,5002,1.05
dia,Địa lí,4.15,2,0
dia,Địa lí,4.2,1579,0.331
dia,Địa lí,4.25,5253,1.102
dia,Địa lí,4.3,93,0.02
dia,Địa lí,4.35,5989,1.257
dia,Địa lí,4.4,4,0.001
dia,Địa lí,4.45,1703,0.357
dia,Địa lí,4.5,6513,1.367
dia,Địa lí,4.55,87,0.018
dia,Địa lí,4.6,6665,1.399
dia,Địa lí,4.7,1636,0.343
dia,Địa lí,4.75,7679,1.612
dia,Địa lí,4.8,75,0.016
dia,Địa lí,4.85,7258,1.523
dia,Địa lí,4.95,1691,0.355
dia,Địa lí,5,8684,1.823
dia,Địa lí,5.05,64,0.013
dia,Địa lí,5.1,7882,1.654
dia,Địa lí,5.2,1578,0.331
dia,Địa lí,5.25,10004,2.1
dia,Địa lí,5.3,40,0.008
dia,Địa lí,5.35,8095,1.699
dia,Địa lí,5.45,1485,0.312
dia,Địa lí,5.5,10964,2.301
dia,Địa lí,5.55,42,0.009
dia,Địa lí,5.6,7992,1.677
dia,Địa lí,5.7,1264,0.265
dia,Địa lí,5.75,12388,2.6
dia,Địa lí,5.8,29,0.006
dia,Địa lí,5.85,8185,1.718
dia,Địa lí,5.95,1103,0.231
dia,Địa lí,6,13262,2.783
dia,Địa lí,6.05,25,0.005
dia,Địa lí,6.1,8035,1.686
dia,Địa lí,6.2,914,0.192
dia,Địa lí,6.25,14542,3.052
dia,Địa lí,6.3,6,0.001
dia,Địa lí,6.35,7691,1.614
dia,Địa lí,6.45,716,0.15
dia,Địa lí,6.5,15593,3.273
dia,Địa lí,6.55,4,0.001
dia,Địa lí,6.6,7183,1.508
dia,Địa lí,6.7,532,0.112
dia,Địa lí,6.75,16480,3.459
dia,Địa lí,6.85,6638,1.393
dia,Địa lí,6.95,303,0.064
dia,Địa lí,7,17201,3.61
dia,Địa lí,7.1,5658,1.187
dia,Địa lí,7.2,187,0.039
dia,Địa lí,7.25,17738,3.723
dia,Địa lí,7.35,4742,0.995
dia,Địa lí,7.45,105,0.022
dia,Địa lí,7.5,18053,3.789
dia,Địa lí,7.6,3847,0.807
dia,Địa lí,7.7,38,0.008
dia,Địa lí,7.75,18094,3.797
dia,Địa lí,7.85,2878,0.604
dia,Địa lí,7.95,18,0.004
dia,Địa lí,8,17904,3.758
dia,Địa lí,8.1,2030,0.426
dia,Địa lí,8.2,2,0
dia,Địa lí,8.25,17505,3.674
dia,Địa lí,8.35,1357,0.285
dia,Địa lí,8.5,16983,3.564
dia,Địa lí,8.6,795,0.167
dia,Địa lí,8.75,16432,3.449
dia,Địa lí,8.85,458,0.096
dia,Địa lí,9,15213,3.193
dia,Địa lí,9.1,254,0.053
dia,Địa lí,9.25,13228,2.776
dia,Địa lí,9.5,11890,2.495
dia,Địa lí,9.75,6178,1.297
dia,Địa lí,10,6907,1.45
gdktpl,GD Kinh tế & Pháp luật,1.25,1,0
gdktpl,GD Kinh tế & Pháp luật,1.45,1,0
gdktpl,GD Kinh tế & Pháp luật,1.5,1,0
gdktpl,GD Kinh tế & Pháp luật,1.55,1,0
gdktpl,GD Kinh tế & Pháp luật,1.6,2,0.001
gdktpl,GD Kinh tế & Pháp luật,1.7,2,0.001
gdktpl,GD Kinh tế & Pháp luật,1.75,2,0.001
gdktpl,GD Kinh tế & Pháp luật,1.8,2,0.001
gdktpl,GD Kinh tế & Pháp luật,1.85,3,0.001
gdktpl,GD Kinh tế & Pháp luật,1.95,4,0.002
gdktpl,GD Kinh tế & Pháp luật,2,1,0
gdktpl,GD Kinh tế & Pháp luật,2.05,2,0.001
gdktpl,GD Kinh tế & Pháp luật,2.1,6,0.002
gdktpl,GD Kinh tế & Pháp luật,2.2,10,0.004
gdktpl,GD Kinh tế & Pháp luật,2.25,6,0.002
gdktpl,GD Kinh tế & Pháp luật,2.3,3,0.001
gdktpl,GD Kinh tế & Pháp luật,2.35,18,0.007
gdktpl,GD Kinh tế & Pháp luật,2.45,19,0.008
gdktpl,GD Kinh tế & Pháp luật,2.5,14,0.006
gdktpl,GD Kinh tế & Pháp luật,2.55,3,0.001
gdktpl,GD Kinh tế & Pháp luật,2.6,30,0.012
gdktpl,GD Kinh tế & Pháp luật,2.7,20,0.008
gdktpl,GD Kinh tế & Pháp luật,2.75,32,0.013
gdktpl,GD Kinh tế & Pháp luật,2.8,7,0.003
gdktpl,GD Kinh tế & Pháp luật,2.85,51,0.021
gdktpl,GD Kinh tế & Pháp luật,2.95,32,0.013
gdktpl,GD Kinh tế & Pháp luật,3,38,0.015
gdktpl,GD Kinh tế & Pháp luật,3.05,8,0.003
gdktpl,GD Kinh tế & Pháp luật,3.1,71,0.029
gdktpl,GD Kinh tế & Pháp luật,3.2,51,0.021
gdktpl,GD Kinh tế & Pháp luật,3.25,86,0.035
gdktpl,GD Kinh tế & Pháp luật,3.3,13,0.005
gdktpl,GD Kinh tế & Pháp luật,3.35,124,0.05
gdktpl,GD Kinh tế & Pháp luật,3.45,63,0.026
gdktpl,GD Kinh tế & Pháp luật,3.5,129,0.052
gdktpl,GD Kinh tế & Pháp luật,3.55,15,0.006
gdktpl,GD Kinh tế & Pháp luật,3.6,167,0.068
gdktpl,GD Kinh tế & Pháp luật,3.7,71,0.029
gdktpl,GD Kinh tế & Pháp luật,3.75,187,0.076
gdktpl,GD Kinh tế & Pháp luật,3.8,12,0.005
gdktpl,GD Kinh tế & Pháp luật,3.85,250,0.101
gdktpl,GD Kinh tế & Pháp luật,3.95,95,0.039
gdktpl,GD Kinh tế & Pháp luật,4,294,0.119
gdktpl,GD Kinh tế & Pháp luật,4.05,10,0.004
gdktpl,GD Kinh tế & Pháp luật,4.1,328,0.133
gdktpl,GD Kinh tế & Pháp luật,4.15,1,0
gdktpl,GD Kinh tế & Pháp luật,4.2,99,0.04
gdktpl,GD Kinh tế & Pháp luật,4.25,423,0.172
gdktpl,GD Kinh tế & Pháp luật,4.3,8,0.003
gdktpl,GD Kinh tế & Pháp luật,4.35,438,0.178
gdktpl,GD Kinh tế & Pháp luật,4.45,98,0.04
gdktpl,GD Kinh tế & Pháp luật,4.5,660,0.268
gdktpl,GD Kinh tế & Pháp luật,4.55,10,0.004
gdktpl,GD Kinh tế & Pháp luật,4.6,515,0.209
gdktpl,GD Kinh tế & Pháp luật,4.7,112,0.045
gdktpl,GD Kinh tế & Pháp luật,4.75,962,0.39
gdktpl,GD Kinh tế & Pháp luật,4.8,5,0.002
gdktpl,GD Kinh tế & Pháp luật,4.85,618,0.251
gdktpl,GD Kinh tế & Pháp luật,4.95,90,0.037
gdktpl,GD Kinh tế & Pháp luật,5,1421,0.577
gdktpl,GD Kinh tế & Pháp luật,5.05,6,0.002
gdktpl,GD Kinh tế & Pháp luật,5.1,756,0.307
gdktpl,GD Kinh tế & Pháp luật,5.2,89,0.036
gdktpl,GD Kinh tế & Pháp luật,5.25,1884,0.765
gdktpl,GD Kinh tế & Pháp luật,5.3,5,0.002
gdktpl,GD Kinh tế & Pháp luật,5.35,816,0.331
gdktpl,GD Kinh tế & Pháp luật,5.45,99,0.04
gdktpl,GD Kinh tế & Pháp luật,5.5,2683,1.089
gdktpl,GD Kinh tế & Pháp luật,5.55,3,0.001
gdktpl,GD Kinh tế & Pháp luật,5.6,940,0.381
gdktpl,GD Kinh tế & Pháp luật,5.7,81,0.033
gdktpl,GD Kinh tế & Pháp luật,5.75,3522,1.429
gdktpl,GD Kinh tế & Pháp luật,5.8,2,0.001
gdktpl,GD Kinh tế & Pháp luật,5.85,984,0.399
gdktpl,GD Kinh tế & Pháp luật,5.95,72,0.029
gdktpl,GD Kinh tế & Pháp luật,6,4690,1.903
gdktpl,GD Kinh tế & Pháp luật,6.1,1078,0.437
gdktpl,GD Kinh tế & Pháp luật,6.2,71,0.029
gdktpl,GD Kinh tế & Pháp luật,6.25,6193,2.513
gdktpl,GD Kinh tế & Pháp luật,6.35,1155,0.469
gdktpl,GD Kinh tế & Pháp luật,6.45,40,0.016
gdktpl,GD Kinh tế & Pháp luật,6.5,8142,3.304
gdktpl,GD Kinh tế & Pháp luật,6.6,1160,0.471
gdktpl,GD Kinh tế & Pháp luật,6.7,40,0.016
gdktpl,GD Kinh tế & Pháp luật,6.75,10272,4.169
gdktpl,GD Kinh tế & Pháp luật,6.85,1230,0.499
gdktpl,GD Kinh tế & Pháp luật,6.95,30,0.012
gdktpl,GD Kinh tế & Pháp luật,7,12694,5.152
gdktpl,GD Kinh tế & Pháp luật,7.1,1167,0.474
gdktpl,GD Kinh tế & Pháp luật,7.2,12,0.005
gdktpl,GD Kinh tế & Pháp luật,7.25,15501,6.291
gdktpl,GD Kinh tế & Pháp luật,7.35,1112,0.451
gdktpl,GD Kinh tế & Pháp luật,7.45,10,0.004
gdktpl,GD Kinh tế & Pháp luật,7.5,18457,7.491
gdktpl,GD Kinh tế & Pháp luật,7.6,972,0.394
gdktpl,GD Kinh tế & Pháp luật,7.7,7,0.003
gdktpl,GD Kinh tế & Pháp luật,7.75,20779,8.433
gdktpl,GD Kinh tế & Pháp luật,7.85,877,0.356
gdktpl,GD Kinh tế & Pháp luật,7.95,1,0
gdktpl,GD Kinh tế & Pháp luật,8,22275,9.04
gdktpl,GD Kinh tế & Pháp luật,8.1,616,0.25
gdktpl,GD Kinh tế & Pháp luật,8.25,22587,9.167
gdktpl,GD Kinh tế & Pháp luật,8.35,385,0.156
gdktpl,GD Kinh tế & Pháp luật,8.5,21214,8.61
gdktpl,GD Kinh tế & Pháp luật,8.6,217,0.088
gdktpl,GD Kinh tế & Pháp luật,8.75,18406,7.47
gdktpl,GD Kinh tế & Pháp luật,8.85,81,0.033
gdktpl,GD Kinh tế & Pháp luật,9,14292,5.8
gdktpl,GD Kinh tế & Pháp luật,9.1,35,0.014
gdktpl,GD Kinh tế & Pháp luật,9.25,10220,4.148
gdktpl,GD Kinh tế & Pháp luật,9.5,6208,2.519
gdktpl,GD Kinh tế & Pháp luật,9.75,3037,1.233
gdktpl,GD Kinh tế & Pháp luật,10,1451,0.589
tin,Tin học,1.35,1,0.013
tin,Tin học,1.85,2,0.026
tin,Tin học,2,1,0.013
tin,Tin học,2.25,2,0.026
tin,Tin học,2.3,1,0.013
tin,Tin học,2.35,1,0.013
tin,Tin học,2.5,4,0.053
tin,Tin học,2.6,1,0.013
tin,Tin học,2.7,3,0.039
tin,Tin học,2.75,3,0.039
tin,Tin học,2.8,1,0.013
tin,Tin học,2.85,6,0.079
tin,Tin học,2.95,2,0.026
tin,Tin học,3,3,0.039
tin,Tin học,3.05,1,0.013
tin,Tin học,3.1,9,0.118
tin,Tin học,3.2,6,0.079
tin,Tin học,3.25,13,0.171
tin,Tin học,3.35,23,0.303
tin,Tin học,3.45,4,0.053
tin,Tin học,3.5,18,0.237
tin,Tin học,3.55,2,0.026
tin,Tin học,3.6,12,0.158
tin,Tin học,3.7,12,0.158
tin,Tin học,3.75,24,0.316
tin,Tin học,3.8,2,0.026
tin,Tin học,3.85,37,0.487
tin,Tin học,3.95,16,0.21
tin,Tin học,4,44,0.579
tin,Tin học,4.05,4,0.053
tin,Tin học,4.1,56,0.737
tin,Tin học,4.2,15,0.197
tin,Tin học,4.25,63,0.829
tin,Tin học,4.3,1,0.013
tin,Tin học,4.35,51,0.671
tin,Tin học,4.45,13,0.171
tin,Tin học,4.5,81,1.066
tin,Tin học,4.6,85,1.118
tin,Tin học,4.7,20,0.263
tin,Tin học,4.75,106,1.394
tin,Tin học,4.8,1,0.013
tin,Tin học,4.85,87,1.144
tin,Tin học,4.95,16,0.21
tin,Tin học,5,147,1.934
tin,Tin học,5.05,1,0.013
tin,Tin học,5.1,117,1.539
tin,Tin học,5.2,13,0.171
tin,Tin học,5.25,164,2.157
tin,Tin học,5.35,120,1.579
tin,Tin học,5.45,18,0.237
tin,Tin học,5.5,230,3.026
tin,Tin học,5.6,104,1.368
tin,Tin học,5.7,18,0.237
tin,Tin học,5.75,271,3.565
tin,Tin học,5.8,2,0.026
tin,Tin học,5.85,117,1.539
tin,Tin học,5.95,15,0.197
tin,Tin học,6,270,3.552
tin,Tin học,6.1,151,1.986
tin,Tin học,6.2,7,0.092
tin,Tin học,6.25,303,3.986
tin,Tin học,6.35,124,1.631
tin,Tin học,6.45,6,0.079
tin,Tin học,6.5,311,4.091
tin,Tin học,6.6,146,1.921
tin,Tin học,6.7,8,0.105
tin,Tin học,6.75,345,4.538
tin,Tin học,6.85,122,1.605
tin,Tin học,6.95,3,0.039
tin,Tin học,7,379,4.986
tin,Tin học,7.1,97,1.276
tin,Tin học,7.2,3,0.039
tin,Tin học,7.25,376,4.946
tin,Tin học,7.35,82,1.079
tin,Tin học,7.45,4,0.053
tin,Tin học,7.5,343,4.512
tin,Tin học,7.6,37,0.487
tin,Tin học,7.7,2,0.026
tin,Tin học,7.75,357,4.696
tin,Tin học,7.85,51,0.671
tin,Tin học,8,362,4.762
tin,Tin học,8.1,33,0.434
tin,Tin học,8.25,323,4.249
tin,Tin học,8.35,12,0.158
tin,Tin học,8.5,262,3.446
tin,Tin học,8.6,17,0.224
tin,Tin học,8.75,228,2.999
tin,Tin học,8.85,4,0.053
tin,Tin học,9,202,2.657
tin,Tin học,9.1,2,0.026
tin,Tin học,9.25,176,2.315
tin,Tin học,9.5,110,1.447
tin,Tin học,9.75,94,1.237
tin,Tin học,10,60,0.789
cn_cn,Công nghệ công nghiệp,2.3,1,0.044
cn_cn,Công nghệ công nghiệp,2.45,1,0.044
cn_cn,Công nghệ công nghiệp,2.5,1,0.044
cn_cn,Công nghệ công nghiệp,2.6,3,0.131
cn_cn,Công nghệ công nghiệp,2.7,1,0.044
cn_cn,Công nghệ công nghiệp,2.8,2,0.087
cn_cn,Công nghệ công nghiệp,2.85,4,0.175
cn_cn,Công nghệ công nghiệp,2.95,2,0.087
cn_cn,Công nghệ công nghiệp,3,4,0.175
cn_cn,Công nghệ công nghiệp,3.1,20,0.873
cn_cn,Công nghệ công nghiệp,3.2,5,0.218
cn_cn,Công nghệ công nghiệp,3.25,10,0.437
cn_cn,Công nghệ công nghiệp,3.3,1,0.044
cn_cn,Công nghệ công nghiệp,3.35,27,1.179
cn_cn,Công nghệ công nghiệp,3.45,9,0.393
cn_cn,Công nghệ công nghiệp,3.5,18,0.786
cn_cn,Công nghệ công nghiệp,3.6,23,1.004
cn_cn,Công nghệ công nghiệp,3.7,8,0.349
cn_cn,Công nghệ công nghiệp,3.75,32,1.397
cn_cn,Công nghệ công nghiệp,3.8,1,0.044
cn_cn,Công nghệ công nghiệp,3.85,46,2.009
cn_cn,Công nghệ công nghiệp,3.9,1,0.044
cn_cn,Công nghệ công nghiệp,3.95,22,0.961
cn_cn,Công nghệ công nghiệp,4,51,2.227
cn_cn,Công nghệ công nghiệp,4.1,53,2.314
cn_cn,Công nghệ công nghiệp,4.2,17,0.742
cn_cn,Công nghệ công nghiệp,4.25,70,3.057
cn_cn,Công nghệ công nghiệp,4.35,63,2.751
cn_cn,Công nghệ công nghiệp,4.45,15,0.655
cn_cn,Công nghệ công nghiệp,4.5,61,2.664
cn_cn,Công nghệ công nghiệp,4.55,2,0.087
cn_cn,Công nghệ công nghiệp,4.6,52,2.271
cn_cn,Công nghệ công nghiệp,4.7,10,0.437
cn_cn,Công nghệ công nghiệp,4.75,85,3.712
cn_cn,Công nghệ công nghiệp,4.85,47,2.052
cn_cn,Công nghệ công nghiệp,4.95,12,0.524
cn_cn,Công nghệ công nghiệp,5,70,3.057
cn_cn,Công nghệ công nghiệp,5.1,48,2.096
cn_cn,Công nghệ công nghiệp,5.2,9,0.393
cn_cn,Công nghệ công nghiệp,5.25,76,3.319
cn_cn,Công nghệ công nghiệp,5.35,49,2.14
cn_cn,Công nghệ công nghiệp,5.45,9,0.393
cn_cn,Công nghệ công nghiệp,5.5,86,3.755
cn_cn,Công nghệ công nghiệp,5.6,35,1.528
cn_cn,Công nghệ công nghiệp,5.7,2,0.087
cn_cn,Công nghệ công nghiệp,5.75,84,3.668
cn_cn,Công nghệ công nghiệp,5.85,30,1.31
cn_cn,Công nghệ công nghiệp,5.95,1,0.044
cn_cn,Công nghệ công nghiệp,6,88,3.843
cn_cn,Công nghệ công nghiệp,6.1,30,1.31
cn_cn,Công nghệ công nghiệp,6.2,4,0.175
cn_cn,Công nghệ công nghiệp,6.25,87,3.799
cn_cn,Công nghệ công nghiệp,6.35,27,1.179
cn_cn,Công nghệ công nghiệp,6.45,2,0.087
cn_cn,Công nghệ công nghiệp,6.5,80,3.493
cn_cn,Công nghệ công nghiệp,6.6,24,1.048
cn_cn,Công nghệ công nghiệp,6.7,1,0.044
cn_cn,Công nghệ công nghiệp,6.75,66,2.882
cn_cn,Công nghệ công nghiệp,6.85,16,0.699
cn_cn,Công nghệ công nghiệp,7,86,3.755
cn_cn,Công nghệ công nghiệp,7.1,16,0.699
cn_cn,Công nghệ công nghiệp,7.25,76,3.319
cn_cn,Công nghệ công nghiệp,7.35,12,0.524
cn_cn,Công nghệ công nghiệp,7.5,74,3.231
cn_cn,Công nghệ công nghiệp,7.6,6,0.262
cn_cn,Công nghệ công nghiệp,7.75,54,2.358
cn_cn,Công nghệ công nghiệp,7.85,5,0.218
cn_cn,Công nghệ công nghiệp,8,61,2.664
cn_cn,Công nghệ công nghiệp,8.1,2,0.087
cn_cn,Công nghệ công nghiệp,8.25,40,1.747
cn_cn,Công nghệ công nghiệp,8.35,6,0.262
cn_cn,Công nghệ công nghiệp,8.5,45,1.965
cn_cn,Công nghệ công nghiệp,8.6,2,0.087
cn_cn,Công nghệ công nghiệp,8.75,34,1.485
cn_cn,Công nghệ công nghiệp,8.85,1,0.044
cn_cn,Công nghệ công nghiệp,9,24,1.048
cn_cn,Công nghệ công nghiệp,9.25,18,0.786
cn_cn,Công nghệ công nghiệp,9.5,15,0.655
cn_cn,Công nghệ công nghiệp,9.75,5,0.218
cn_cn,Công nghệ công nghiệp,10,4,0.175
cn_nn,Công nghệ nông nghiệp,1.55,1,0.005
cn_nn,Công nghệ nông nghiệp,1.85,2,0.009
cn_nn,Công nghệ nông nghiệp,1.95,1,0.005
cn_nn,Công nghệ nông nghiệp,2.1,1,0.005
cn_nn,Công nghệ nông nghiệp,2.2,1,0.005
cn_nn,Công nghệ nông nghiệp,2.35,3,0.014
cn_nn,Công nghệ nông nghiệp,2.45,2,0.009
cn_nn,Công nghệ nông nghiệp,2.6,5,0.023
cn_nn,Công nghệ nông nghiệp,2.7,3,0.014
cn_nn,Công nghệ nông nghiệp,2.75,3,0.014
cn_nn,Công nghệ nông nghiệp,2.85,8,0.036
cn_nn,Công nghệ nông nghiệp,3,4,0.018
cn_nn,Công nghệ nông nghiệp,3.1,3,0.014
cn_nn,Công nghệ nông nghiệp,3.2,5,0.023
cn_nn,Công nghệ nông nghiệp,3.25,10,0.045
cn_nn,Công nghệ nông nghiệp,3.3,1,0.005
cn_nn,Công nghệ nông nghiệp,3.35,11,0.05
cn_nn,Công nghệ nông nghiệp,3.45,8,0.036
cn_nn,Công nghệ nông nghiệp,3.5,10,0.045
cn_nn,Công nghệ nông nghiệp,3.6,21,0.095
cn_nn,Công nghệ nông nghiệp,3.7,7,0.032
cn_nn,Công nghệ nông nghiệp,3.75,14,0.063
cn_nn,Công nghệ nông nghiệp,3.8,1,0.005
cn_nn,Công nghệ nông nghiệp,3.85,20,0.091
cn_nn,Công nghệ nông nghiệp,3.9,1,0.005
cn_nn,Công nghệ nông nghiệp,3.95,4,0.018
cn_nn,Công nghệ nông nghiệp,4,18,0.082
cn_nn,Công nghệ nông nghiệp,4.1,28,0.127
cn_nn,Công nghệ nông nghiệp,4.2,7,0.032
cn_nn,Công nghệ nông nghiệp,4.25,24,0.109
cn_nn,Công nghệ nông nghiệp,4.35,23,0.104
cn_nn,Công nghệ nông nghiệp,4.45,6,0.027
cn_nn,Công nghệ nông nghiệp,4.5,50,0.227
cn_nn,Công nghệ nông nghiệp,4.6,30,0.136
cn_nn,Công nghệ nông nghiệp,4.7,6,0.027
cn_nn,Công nghệ nông nghiệp,4.75,67,0.304
cn_nn,Công nghệ nông nghiệp,4.85,56,0.254
cn_nn,Công nghệ nông nghiệp,4.95,8,0.036
cn_nn,Công nghệ nông nghiệp,5,93,0.422
cn_nn,Công nghệ nông nghiệp,5.1,66,0.299
cn_nn,Công nghệ nông nghiệp,5.2,10,0.045
cn_nn,Công nghệ nông nghiệp,5.25,137,0.621
cn_nn,Công nghệ nông nghiệp,5.3,1,0.005
cn_nn,Công nghệ nông nghiệp,5.35,91,0.413
cn_nn,Công nghệ nông nghiệp,5.45,12,0.054
cn_nn,Công nghệ nông nghiệp,5.5,185,0.839
cn_nn,Công nghệ nông nghiệp,5.6,105,0.476
cn_nn,Công nghệ nông nghiệp,5.7,13,0.059
cn_nn,Công nghệ nông nghiệp,5.75,288,1.306
cn_nn,Công nghệ nông nghiệp,5.85,133,0.603
cn_nn,Công nghệ nông nghiệp,5.95,8,0.036
cn_nn,Công nghệ nông nghiệp,6,368,1.669
cn_nn,Công nghệ nông nghiệp,6.1,138,0.626
cn_nn,Công nghệ nông nghiệp,6.2,9,0.041
cn_nn,Công nghệ nông nghiệp,6.25,526,2.386
cn_nn,Công nghệ nông nghiệp,6.35,150,0.68
cn_nn,Công nghệ nông nghiệp,6.45,8,0.036
cn_nn,Công nghệ nông nghiệp,6.5,702,3.184
cn_nn,Công nghệ nông nghiệp,6.6,160,0.726
cn_nn,Công nghệ nông nghiệp,6.7,5,0.023
cn_nn,Công nghệ nông nghiệp,6.75,896,4.064
cn_nn,Công nghệ nông nghiệp,6.85,178,0.807
cn_nn,Công nghệ nông nghiệp,6.95,3,0.014
cn_nn,Công nghệ nông nghiệp,7,1181,5.356
cn_nn,Công nghệ nông nghiệp,7.1,159,0.721
cn_nn,Công nghệ nông nghiệp,7.2,2,0.009
cn_nn,Công nghệ nông nghiệp,7.25,1436,6.513
cn_nn,Công nghệ nông nghiệp,7.35,155,0.703
cn_nn,Công nghệ nông nghiệp,7.45,2,0.009
cn_nn,Công nghệ nông nghiệp,7.5,1638,7.429
cn_nn,Công nghệ nông nghiệp,7.6,112,0.508
cn_nn,Công nghệ nông nghiệp,7.7,2,0.009
cn_nn,Công nghệ nông nghiệp,7.75,1756,7.964
cn_nn,Công nghệ nông nghiệp,7.85,88,0.399
cn_nn,Công nghệ nông nghiệp,8,1874,8.5
cn_nn,Công nghệ nông nghiệp,8.1,41,0.186
cn_nn,Công nghệ nông nghiệp,8.25,1893,8.586
cn_nn,Công nghệ nông nghiệp,8.35,30,0.136
cn_nn,Công nghệ nông nghiệp,8.5,1810,8.209
cn_nn,Công nghệ nông nghiệp,8.6,11,0.05
cn_nn,Công nghệ nông nghiệp,8.75,1616,7.329
cn_nn,Công nghệ nông nghiệp,8.85,10,0.045
cn_nn,Công nghệ nông nghiệp,9,1369,6.209
cn_nn,Công nghệ nông nghiệp,9.1,3,0.014
cn_nn,Công nghệ nông nghiệp,9.25,1015,4.604
cn_nn,Công nghệ nông nghiệp,9.5,660,2.993
cn_nn,Công nghệ nông nghiệp,9.75,326,1.479
cn_nn,Công nghệ nông nghiệp,10,101,0.458
nga,Tiếng Nga,5.25,1,1.667
nga,Tiếng Nga,6,1,1.667
nga,Tiếng Nga,6.25,1,1.667
nga,Tiếng Nga,6.5,1,1.667
nga,Tiếng Nga,6.75,3,5
nga,Tiếng Nga,7.25,1,1.667
nga,Tiếng Nga,8,1,1.667
nga,Tiếng Nga,8.25,5,8.333
nga,Tiếng Nga,8.5,1,1.667
nga,Tiếng Nga,8.75,6,10
nga,Tiếng Nga,9,7,11.667
nga,Tiếng Nga,9.25,3,5
nga,Tiếng Nga,9.5,7,11.667
nga,Tiếng Nga,9.75,10,16.667
nga,Tiếng Nga,10,12,20
phap,Tiếng Pháp,3.25,2,0.49
phap,Tiếng Pháp,3.75,1,0.245
phap,Tiếng Pháp,4,1,0.245
phap,Tiếng Pháp,4.25,2,0.49
phap,Tiếng Pháp,4.5,2,0.49
phap,Tiếng Pháp,4.75,4,0.98
phap,Tiếng Pháp,5,7,1.716
phap,Tiếng Pháp,5.25,3,0.735
phap,Tiếng Pháp,5.5,4,0.98
phap,Tiếng Pháp,5.75,8,1.961
phap,Tiếng Pháp,6,6,1.471
phap,Tiếng Pháp,6.25,2,0.49
phap,Tiếng Pháp,6.5,15,3.676
phap,Tiếng Pháp,6.75,13,3.186
phap,Tiếng Pháp,7,8,1.961
phap,Tiếng Pháp,7.25,12,2.941
phap,Tiếng Pháp,7.5,11,2.696
phap,Tiếng Pháp,7.75,18,4.412
phap,Tiếng Pháp,8,20,4.902
phap,Tiếng Pháp,8.25,25,6.127
phap,Tiếng Pháp,8.5,22,5.392
phap,Tiếng Pháp,8.75,28,6.863
phap,Tiếng Pháp,9,30,7.353
phap,Tiếng Pháp,9.25,37,9.069
phap,Tiếng Pháp,9.5,36,8.824
phap,Tiếng Pháp,9.75,52,12.745
phap,Tiếng Pháp,10,39,9.559
trung,Tiếng Trung,1.5,1,0.024
trung,Tiếng Trung,1.75,2,0.047
trung,Tiếng Trung,2,4,0.095
trung,Tiếng Trung,2.25,17,0.402
trung,Tiếng Trung,2.5,26,0.615
trung,Tiếng Trung,2.75,31,0.734
trung,Tiếng Trung,3,48,1.136
trung,Tiếng Trung,3.25,54,1.278
trung,Tiếng Trung,3.5,53,1.254
trung,Tiếng Trung,3.75,65,1.538
trung,Tiếng Trung,4,75,1.775
trung,Tiếng Trung,4.25,72,1.704
trung,Tiếng Trung,4.5,88,2.083
trung,Tiếng Trung,4.75,82,1.941
trung,Tiếng Trung,5,93,2.201
trung,Tiếng Trung,5.25,133,3.148
trung,Tiếng Trung,5.5,106,2.509
trung,Tiếng Trung,5.75,111,2.627
trung,Tiếng Trung,6,127,3.006
trung,Tiếng Trung,6.25,124,2.935
trung,Tiếng Trung,6.5,124,2.935
trung,Tiếng Trung,6.75,130,3.077
trung,Tiếng Trung,7,134,3.172
trung,Tiếng Trung,7.25,142,3.361
trung,Tiếng Trung,7.5,174,4.118
trung,Tiếng Trung,7.75,171,4.047
trung,Tiếng Trung,8,173,4.095
trung,Tiếng Trung,8.25,178,4.213
trung,Tiếng Trung,8.5,174,4.118
trung,Tiếng Trung,8.75,212,5.018
trung,Tiếng Trung,9,230,5.444
trung,Tiếng Trung,9.25,290,6.864
trung,Tiếng Trung,9.5,282,6.675
trung,Tiếng Trung,9.75,287,6.793
trung,Tiếng Trung,10,212,5.018
duc,Tiếng Đức,3.5,1,0.667
duc,Tiếng Đức,3.75,4,2.667
duc,Tiếng Đức,4,1,0.667
duc,Tiếng Đức,4.25,1,0.667
duc,Tiếng Đức,4.5,2,1.333
duc,Tiếng Đức,4.75,3,2
duc,Tiếng Đức,5.25,2,1.333
duc,Tiếng Đức,5.5,4,2.667
duc,Tiếng Đức,5.75,3,2
duc,Tiếng Đức,6,6,4
duc,Tiếng Đức,6.25,5,3.333
duc,Tiếng Đức,6.5,3,2
duc,Tiếng Đức,6.75,4,2.667
duc,Tiếng Đức,7,5,3.333
duc,Tiếng Đức,7.25,5,3.333
duc,Tiếng Đức,7.5,7,4.667
duc,Tiếng Đức,7.75,4,2.667
duc,Tiếng Đức,8,10,6.667
duc,Tiếng Đức,8.25,9,6
duc,Tiếng Đức,8.5,11,7.333
duc,Tiếng Đức,8.75,9,6
duc,Tiếng Đức,9,19,12.667
duc,Tiếng Đức,9.25,11,7.333
duc,Tiếng Đức,9.5,4,2.667
duc,Tiếng Đức,9.75,12,8
duc,Tiếng Đức,10,5,3.333
nhat,Tiếng Nhật,2,4,0.815
nhat,Tiếng Nhật,2.25,8,1.629
nhat,Tiếng Nhật,2.5,2,0.407
nhat,Tiếng Nhật,2.75,10,2.037
nhat,Tiếng Nhật,3,8,1.629
nhat,Tiếng Nhật,3.25,17,3.462
nhat,Tiếng Nhật,3.5,14,2.851
nhat,Tiếng Nhật,3.75,15,3.055
nhat,Tiếng Nhật,4,16,3.259
nhat,Tiếng Nhật,4.25,20,4.073
nhat,Tiếng Nhật,4.5,16,3.259
nhat,Tiếng Nhật,4.75,13,2.648
nhat,Tiếng Nhật,5,14,2.851
nhat,Tiếng Nhật,5.25,19,3.87
nhat,Tiếng Nhật,5.5,10,2.037
nhat,Tiếng Nhật,5.75,13,2.648
nhat,Tiếng Nhật,6,21,4.277
nhat,Tiếng Nhật,6.25,20,4.073
nhat,Tiếng Nhật,6.5,24,4.888
nhat,Tiếng Nhật,6.75,21,4.277
nhat,Tiếng Nhật,7,26,5.295
nhat,Tiếng Nhật,7.25,18,3.666
nhat,Tiếng Nhật,7.5,16,3.259
nhat,Tiếng Nhật,7.75,17,3.462
nhat,Tiếng Nhật,8,17,3.462
nhat,Tiếng Nhật,8.25,9,1.833
nhat,Tiếng Nhật,8.5,14,2.851
nhat,Tiếng Nhật,8.75,19,3.87
nhat,Tiếng Nhật,9,16,3.259
nhat,Tiếng Nhật,9.25,26,5.295
nhat,Tiếng Nhật,9.5,16,3.259
nhat,Tiếng Nhật,9.75,8,1.629
nhat,Tiếng Nhật,10,4,0.815
han,Tiếng Hàn,1.25,1,0.185
han,Tiếng Hàn,1.5,1,0.185
han,Tiếng Hàn,1.75,3,0.555
han,Tiếng Hàn,2,2,0.37
han,Tiếng Hàn,2.25,5,0.924
han,Tiếng Hàn,2.5,4,0.739
han,Tiếng Hàn,2.75,8,1.479
han,Tiếng Hàn,3,11,2.033
han,Tiếng Hàn,3.25,12,2.218
han,Tiếng Hàn,3.5,18,3.327
han,Tiếng Hàn,3.75,18,3.327
han,Tiếng Hàn,4,24,4.436
han,Tiếng Hàn,4.25,31,5.73
han,Tiếng Hàn,4.5,32,5.915
han,Tiếng Hàn,4.75,14,2.588
han,Tiếng Hàn,5,19,3.512
han,Tiếng Hàn,5.25,24,4.436
han,Tiếng Hàn,5.5,30,5.545
han,Tiếng Hàn,5.75,23,4.251
han,Tiếng Hàn,6,21,3.882
han,Tiếng Hàn,6.25,20,3.697
han,Tiếng Hàn,6.5,19,3.512
han,Tiếng Hàn,6.75,20,3.697
han,Tiếng Hàn,7,21,3.882
han,Tiếng Hàn,7.25,31,5.73
han,Tiếng Hàn,7.5,14,2.588
han,Tiếng Hàn,7.75,21,3.882
han,Tiếng Hàn,8,20,3.697
han,Tiếng Hàn,8.25,8,1.479
han,Tiếng Hàn,8.5,13,2.403
han,Tiếng Hàn,8.75,10,1.848
han,Tiếng Hàn,9,16,2.957
han,Tiếng Hàn,9.25,10,1.848
han,Tiếng Hàn,9.5,4,0.739
han,Tiếng Hàn,9.75,9,1.664
han,Tiếng Hàn,10,4,0.739
