Mã,Môn / Khối,Số thí sinh,Điểm trung bình,Trung vị,Độ lệch chuẩn,Điểm thấp nhất,Tứ phân vị Q1,Tứ phân vị Q3,Điểm cao nhất,Điểm phổ biến nhất,Số TS đạt điểm cao nhất,Số bài điểm liệt (<= 1),Tỷ lệ điểm liệt (%)
toan,Toán,1126172,4.78,4.6,1.68,0,3.5,5.85,10,4.75,513,777,0.07
van,Ngữ văn,1126726,7,7.25,1.28,0,6.25,8,9.75,7.5,301,87,0.01
anh,Tiếng Anh,351848,5.38,5.25,1.45,0,4.25,6.25,10,5.25,141,28,0.01
ly,Vật lí,347599,6.99,7,1.52,0,5.85,8.25,10,7.5,3929,3,0
hoa,Hóa học,240135,6.06,6,1.81,0.75,4.75,7.5,10,6.25,625,8,0
sinh,Sinh học,69895,5.78,5.75,1.58,0.85,4.6,7,10,6.5,82,1,0
su,Lịch sử,481293,6.52,6.6,1.63,0,5.25,7.75,10,7.25,1518,13,0
dia,Địa lí,476472,6.63,6.75,1.75,0,5.35,8,10,7.75,6907,19,0
gdktpl,GD Kinh tế & Pháp luật,246401,7.69,7.75,1.18,1.25,7,8.5,10,8.25,1451,0,0
tin,Tin học,7602,6.78,6.75,1.48,1.35,5.75,7.85,10,7,60,0,0
cn_cn,Công nghệ công nghiệp,2290,5.79,5.6,1.54,2.3,4.55,7,10,6,4,0,0
cn_nn,Công nghệ nông nghiệp,22048,7.72,7.75,1.17,1.55,7,8.5,10,8.25,101,0,0
nga,Tiếng Nga,60,8.94,9.25,1.16,5.25,8.6875,9.75,10,10,12,0,0
phap,Tiếng Pháp,408,8.38,8.75,1.47,3.25,7.75,9.5,10,9.75,39,0,0
trung,Tiếng Trung,4225,7.36,7.75,2.03,1.5,5.75,9.25,10,9.25,212,0,0
duc,Tiếng Đức,150,7.82,8.25,1.64,3.5,6.75,9,10,9,5,0,0
nhat,Tiếng Nhật,491,6.29,6.5,2.09,2,4.5,8,10,7,4,0,0
han,Tiếng Hàn,541,5.9,5.75,1.92,1.25,4.25,7.25,10,4.5,4,0,0
